controlled_bos_size,deadline_factor,sharing,candidate_count,comparison,metric,paired_seeds,hds_mean,comparator_mean,mean_paired_difference,median_paired_difference,paired_ci95_low,paired_ci95_high,cohen_dz,paired_t_p_value,hds_improvement_pct,conditional_on_both_globally_successful
2,5.0,NonSharable,20,hds_full-pbqs,workflow_deadline_success,5,1.0,1.0,0.0,0.0,0.0,0.0,,1.0,0.0,0
2,5.0,NonSharable,20,hds_full-pbqs,global_deadline_success,5,1.0,1.0,0.0,0.0,0.0,0.0,,1.0,0.0,0
2,5.0,NonSharable,20,hds_full-pbqs,first_round_accepted_sfc_ratio,5,1.0,1.0,0.0,0.0,0.0,0.0,,1.0,0.0,0
2,5.0,NonSharable,20,hds_full-pbqs,provisioning_cost,5,0.016,0.01,0.005999999999999998,0.004999999999999999,0.003223554894802205,0.008776445105197792,2.683281572999747,0.0038825370469605146,-60.0,1
2,5.0,NonSharable,20,hds_full-pbqs,makespan_s,5,3.475167108878587,6.304238611002067,-2.829071502123481,-2.7765754045296704,-4.084882465053061,-1.573260539193901,-2.7972014389302235,0.0033320317737790665,44.87570469154237,1
2,5.0,NonSharable,20,hds_full-pbqs,network_data_mb,5,12.988526386352728,12.988526386352728,0.0,0.0,0.0,0.0,,1.0,0.0,1
2,5.0,NonSharable,20,hds_full-pbqs,scheduler_runtime_s,5,0.00818122519922322,0.00059758780043918,0.0075836373987840395,0.0044275639993429,0.00046388787122728006,0.014703386926340798,1.3225647190334697,0.04166414476598945,-1269.041535521753,0
2,5.0,NonSharable,20,hds_full-pbqs,first_round_scheduler_runtime_s,5,0.00818122519922322,0.00059758780043918,0.0075836373987840395,0.0044275639993429,0.00046388787122728006,0.014703386926340798,1.3225647190334697,0.04166414476598945,-1269.041535521753,0
2,5.0,NonSharable,20,hds_full-pbqs,milp_runtime_s,5,0.00797324339946494,0.0,0.00797324339946494,0.0048722860010457,0.0008842583449461417,0.015062228453983738,1.3965453731237172,0.03543166397189357,,0
2,5.0,Sharable,20,hds_full-pbqs,workflow_deadline_success,5,1.0,1.0,0.0,0.0,0.0,0.0,,1.0,0.0,0
2,5.0,Sharable,20,hds_full-pbqs,global_deadline_success,5,1.0,1.0,0.0,0.0,0.0,0.0,,1.0,0.0,0
2,5.0,Sharable,20,hds_full-pbqs,first_round_accepted_sfc_ratio,5,1.0,1.0,0.0,0.0,0.0,0.0,,1.0,0.0,0
2,5.0,Sharable,20,hds_full-pbqs,provisioning_cost,5,0.012,0.007000000000000001,0.005,0.005,0.004999999999999999,0.005000000000000001,,0.0,-71.42857142857142,1
2,5.0,Sharable,20,hds_full-pbqs,makespan_s,5,4.483085457592103,8.3471854159812,-3.8640999583890965,-3.799920764644522,-6.431407501135,-1.2967924156431923,-1.868850429450583,0.013930933508403007,46.29225021156281,1
2,5.0,Sharable,20,hds_full-pbqs,network_data_mb,5,12.988526386352728,12.988526386352728,0.0,0.0,0.0,0.0,,1.0,0.0,1
2,5.0,Sharable,20,hds_full-pbqs,scheduler_runtime_s,5,0.014425658599793643,0.0007040039999992,0.013721654599794441,0.0129820330002986,0.0061452374629478385,0.021298071736641045,2.2487785723270153,0.007341646946746462,-1949.0875903844349,0
2,5.0,Sharable,20,hds_full-pbqs,first_round_scheduler_runtime_s,5,0.014425658599793643,0.0007040039999992,0.013721654599794441,0.0129820330002986,0.0061452374629478385,0.021298071736641045,2.2487785723270153,0.007341646946746462,-1949.0875903844349,0
2,5.0,Sharable,20,hds_full-pbqs,milp_runtime_s,5,0.014179181399231258,0.0,0.014179181399231258,0.0133917220009607,0.00648965969792768,0.021868703100534837,2.2895805163592007,0.006887769960119083,,0
3,5.0,NonSharable,20,hds_full-pbqs,workflow_deadline_success,5,1.0,1.0,0.0,0.0,0.0,0.0,,1.0,0.0,0
3,5.0,NonSharable,20,hds_full-pbqs,global_deadline_success,5,1.0,1.0,0.0,0.0,0.0,0.0,,1.0,0.0,0
3,5.0,NonSharable,20,hds_full-pbqs,first_round_accepted_sfc_ratio,5,1.0,1.0,0.0,0.0,0.0,0.0,,1.0,0.0,0
3,5.0,NonSharable,20,hds_full-pbqs,provisioning_cost,5,0.02,0.015,0.005000000000000001,0.005000000000000001,0.005000000000000001,0.005000000000000001,,0.0,-33.33333333333334,1
3,5.0,NonSharable,20,hds_full-pbqs,makespan_s,5,5.044200752084189,7.278390756812419,-2.234190004728231,-2.2343254573726554,-3.8273653934643486,-0.6410146159921133,-1.7412478962648767,0.017637511744978983,30.696208535342457,1
3,5.0,NonSharable,20,hds_full-pbqs,network_data_mb,5,19.090332588746644,19.090332588746644,0.0,0.0,0.0,0.0,,1.0,0.0,1
3,5.0,NonSharable,20,hds_full-pbqs,scheduler_runtime_s,5,0.008479968200117542,0.0009321209996414201,0.007547847200476121,0.0075322859993321,0.006825539012893731,0.00827015538805851,12.974918869662218,8.401576764095108e-06,-809.749721697046,0
3,5.0,NonSharable,20,hds_full-pbqs,first_round_scheduler_runtime_s,5,0.008479968200117542,0.0009321209996414201,0.007547847200476121,0.0075322859993321,0.006825539012893731,0.00827015538805851,12.974918869662218,8.401576764095108e-06,-809.749721697046,0
3,5.0,NonSharable,20,hds_full-pbqs,milp_runtime_s,5,0.00822419739997708,0.0,0.00822419739997708,0.0081009540008381,0.007374113922691382,0.009074280877262777,12.012572998452224,1.141996760568911e-05,,0
3,5.0,Sharable,20,hds_full-pbqs,workflow_deadline_success,5,1.0,1.0,0.0,0.0,0.0,0.0,,1.0,0.0,0
3,5.0,Sharable,20,hds_full-pbqs,global_deadline_success,5,1.0,1.0,0.0,0.0,0.0,0.0,,1.0,0.0,0
3,5.0,Sharable,20,hds_full-pbqs,first_round_accepted_sfc_ratio,5,1.0,1.0,0.0,0.0,0.0,0.0,,1.0,0.0,0
3,5.0,Sharable,20,hds_full-pbqs,provisioning_cost,5,0.015,0.01,0.004999999999999999,0.004999999999999999,0.004999999999999999,0.004999999999999999,,0.0,-49.99999999999999,1
3,5.0,Sharable,20,hds_full-pbqs,makespan_s,5,6.051550748856122,11.373369812903153,-5.321819064047031,-5.112185076130878,-6.3614532666631005,-4.282184861430962,-6.3559962919206825,0.00014232374292939148,46.791928439796244,1
3,5.0,Sharable,20,hds_full-pbqs,network_data_mb,5,19.090332588746644,19.090332588746644,0.0,0.0,0.0,0.0,,1.0,0.0,1
3,5.0,Sharable,20,hds_full-pbqs,scheduler_runtime_s,5,0.05716901619962293,0.0009624054000595799,0.056206610799563364,0.0569828460029385,0.0360833768017301,0.07632984479739663,3.4681167598798077,0.0014899230975670408,-5840.221885297376,0
3,5.0,Sharable,20,hds_full-pbqs,first_round_scheduler_runtime_s,5,0.05716901619962293,0.0009624054000595799,0.056206610799563364,0.0569828460029385,0.0360833768017301,0.07632984479739663,3.4681167598798077,0.0014899230975670408,-5840.221885297376,0
3,5.0,Sharable,20,hds_full-pbqs,milp_runtime_s,5,0.05686500579977285,0.0,0.05686500579977285,0.0575965110001561,0.03667698545063256,0.07705302614891313,3.497481637035947,0.0014430260054229367,,0
4,5.0,NonSharable,20,hds_full-pbqs,workflow_deadline_success,5,1.0,1.0,0.0,0.0,0.0,0.0,,1.0,0.0,0
4,5.0,NonSharable,20,hds_full-pbqs,global_deadline_success,5,1.0,1.0,0.0,0.0,0.0,0.0,,1.0,0.0,0
4,5.0,NonSharable,20,hds_full-pbqs,first_round_accepted_sfc_ratio,5,1.0,0.9,0.1,0.0,-0.07002184516456392,0.27002184516456396,0.7302967433402214,0.17780780835622137,11.111111111111109,0
4,5.0,NonSharable,20,hds_full-pbqs,provisioning_cost,5,0.025,0.020999999999999998,0.004000000000000001,0.0,-0.0028008738065825566,0.010800873806582558,0.7302967433402215,0.17780780835622123,-19.047619047619065,1
4,5.0,NonSharable,20,hds_full-pbqs,makespan_s,5,5.987471249483052,7.949686890431691,-1.9622156409486393,-2.2343254573726554,-3.234740031339525,-0.6896912505577537,-1.9146293277175206,0.012835002921209235,24.682929881306116,1
4,5.0,NonSharable,20,hds_full-pbqs,network_data_mb,5,26.226163744256354,26.226163744256354,0.0,0.0,0.0,0.0,,1.0,0.0,1
4,5.0,NonSharable,20,hds_full-pbqs,scheduler_runtime_s,5,0.009373111800232401,0.0011461403992142998,0.008226971401018102,0.0073666900025273,0.006309735336031828,0.010144207466004376,5.328052392426329,0.0002843215850503654,-717.797872464651,0
4,5.0,NonSharable,20,hds_full-pbqs,first_round_scheduler_runtime_s,5,0.009373111800232401,0.0010361727996496199,0.008336939000582782,0.0073666900025273,0.006400646936382818,0.010273231064782746,5.346134089808197,0.00028058117356987697,-804.5896402030534,0
4,5.0,NonSharable,20,hds_full-pbqs,milp_runtime_s,5,0.00905926839914166,0.0,0.00905926839914166,0.0081475430015416,0.00715674953106,0.010961787267223319,5.9124603755553595,0.00018912651834929832,,0
4,5.0,Sharable,20,hds_full-pbqs,workflow_deadline_success,5,1.0,1.0,0.0,0.0,0.0,0.0,,1.0,0.0,0
4,5.0,Sharable,20,hds_full-pbqs,global_deadline_success,5,1.0,1.0,0.0,0.0,0.0,0.0,,1.0,0.0,0
4,5.0,Sharable,20,hds_full-pbqs,first_round_accepted_sfc_ratio,5,1.0,1.0,0.0,0.0,0.0,0.0,,1.0,0.0,0
4,5.0,Sharable,20,hds_full-pbqs,provisioning_cost,5,0.017,0.012,0.004999999999999999,0.004999999999999999,0.0049999999999999975,0.005000000000000001,,0.0,-41.66666666666668,1
4,5.0,Sharable,20,hds_full-pbqs,makespan_s,5,7.453734667777463,13.545910448827428,-6.092175781049964,-5.643566596440781,-7.774996130957325,-4.409355431142604,-4.495093809909693,0.00055097035061753,44.97428064406937,1
4,5.0,Sharable,20,hds_full-pbqs,network_data_mb,5,26.226163744256354,26.226163744256354,0.0,0.0,0.0,0.0,,1.0,0.0,1
4,5.0,Sharable,20,hds_full-pbqs,scheduler_runtime_s,5,0.12528293959985598,0.00116598860040534,0.12411695099945066,0.1234722810004314,0.06790775203034354,0.18032614996855778,2.741749614819082,0.0035870989587337265,-10644.782543869045,0
4,5.0,Sharable,20,hds_full-pbqs,first_round_scheduler_runtime_s,5,0.12528293959985598,0.00116598860040534,0.12411695099945066,0.1234722810004314,0.06790775203034354,0.18032614996855778,2.741749614819082,0.0035870989587337265,-10644.782543869045,0
4,5.0,Sharable,20,hds_full-pbqs,milp_runtime_s,5,0.12488100519985887,0.0,0.12488100519985887,0.1242474760001641,0.06867484391217608,0.18108716648754164,2.7587767010543427,0.003506301063228543,,0
5,5.0,NonSharable,20,hds_full-pbqs,workflow_deadline_success,5,1.0,1.0,0.0,0.0,0.0,0.0,,1.0,0.0,0
5,5.0,NonSharable,20,hds_full-pbqs,global_deadline_success,5,1.0,1.0,0.0,0.0,0.0,0.0,,1.0,0.0,0
5,5.0,NonSharable,20,hds_full-pbqs,first_round_accepted_sfc_ratio,5,0.96,0.76,0.19999999999999998,0.19999999999999996,0.024402193382983384,0.3755978066170166,1.4142135623730947,0.03410942316740965,26.315789473684205,0
5,5.0,NonSharable,20,hds_full-pbqs,provisioning_cost,5,0.033,0.023,0.010000000000000002,0.010000000000000002,0.0012201096691491723,0.018779890330850833,1.414213562373095,0.03410942316740962,-43.478260869565226,1
5,5.0,NonSharable,20,hds_full-pbqs,makespan_s,5,6.683279752084617,9.859531921323114,-3.1762521692384964,-3.1976835743786713,-4.233383434890806,-2.1191209035861873,-3.730698443893324,0.001128627110421315,32.21504017213279,1
5,5.0,NonSharable,20,hds_full-pbqs,network_data_mb,5,30.95857355692069,30.95857355692069,0.0,0.0,0.0,0.0,,1.0,0.0,1
5,5.0,NonSharable,20,hds_full-pbqs,scheduler_runtime_s,5,0.012433347199839741,0.00156281099843904,0.0108705362014007,0.0113816190023499,0.00824089236721328,0.01350018003558812,5.132844709603345,0.00032893749281708495,-695.575870163338,0
5,5.0,NonSharable,20,hds_full-pbqs,first_round_scheduler_runtime_s,5,0.012421553600142899,0.00124377419924706,0.011177779400895841,0.0116475750000973,0.008618431331272453,0.01373712747051923,5.422883439218305,0.00026536986075876575,-898.698446041291,0
5,5.0,NonSharable,20,hds_full-pbqs,milp_runtime_s,5,0.012050977999751881,0.0,0.012050977999751881,0.0124696900020353,0.009470333957560252,0.01463162204194351,5.79826790553023,0.00020416806341746427,,0
5,5.0,Sharable,20,hds_full-pbqs,workflow_deadline_success,5,1.0,1.0,0.0,0.0,0.0,0.0,,1.0,0.0,0
5,5.0,Sharable,20,hds_full-pbqs,global_deadline_success,5,1.0,1.0,0.0,0.0,0.0,0.0,,1.0,0.0,0
5,5.0,Sharable,20,hds_full-pbqs,first_round_accepted_sfc_ratio,5,1.0,1.0,0.0,0.0,0.0,0.0,,1.0,0.0,0
5,5.0,Sharable,20,hds_full-pbqs,provisioning_cost,5,0.019,0.015,0.004000000000000001,0.005000000000000001,0.0012235548948022067,0.006776445105197796,1.7888543819998317,0.016130089900092546,-26.666666666666668,1
5,5.0,Sharable,20,hds_full-pbqs,makespan_s,5,7.958206095203074,13.865053430140822,-5.906847334937744,-5.9452994347843955,-7.564963109009542,-4.248731560865946,-4.423285631417233,0.0005864082907677494,42.60241307182437,1
5,5.0,Sharable,20,hds_full-pbqs,network_data_mb,5,30.95857355692069,30.95857355692069,0.0,0.0,0.0,0.0,,1.0,0.0,1
5,5.0,Sharable,20,hds_full-pbqs,scheduler_runtime_s,5,0.5533879262002301,0.0014775702002225,0.5519103560000076,0.5185739160006052,0.2140493808217715,0.8897713311782437,2.0283112570770094,0.010533589239592566,-37352.5640891308,0
5,5.0,Sharable,20,hds_full-pbqs,first_round_scheduler_runtime_s,5,0.5533879262002301,0.0014775702002225,0.5519103560000076,0.5185739160006052,0.2140493808217715,0.8897713311782437,2.0283112570770094,0.010533589239592566,-37352.5640891308,0
5,5.0,Sharable,20,hds_full-pbqs,milp_runtime_s,5,0.5529135677999875,0.0,0.5529135677999875,0.5195730939994974,0.21504206376209045,0.8907850718378845,2.0319348126459227,0.010468847290125817,,0
6,5.0,NonSharable,20,hds_full-pbqs,workflow_deadline_success,5,1.0,1.0,0.0,0.0,0.0,0.0,,1.0,0.0,0
6,5.0,NonSharable,20,hds_full-pbqs,global_deadline_success,5,1.0,1.0,0.0,0.0,0.0,0.0,,1.0,0.0,0
6,5.0,NonSharable,20,hds_full-pbqs,first_round_accepted_sfc_ratio,5,0.8,0.7333333333333334,0.0666666666666667,0.0,-0.0466812301097093,0.18001456344304267,0.7302967433402215,0.17780780835622137,9.090909090909088,0
6,5.0,NonSharable,20,hds_full-pbqs,provisioning_cost,5,0.035,0.029000000000000005,0.006000000000000001,0.010000000000000002,-0.0008008738065825565,0.012800873806582558,1.0954451150103321,0.07048399691021992,-20.689655172413786,1
6,5.0,NonSharable,20,hds_full-pbqs,makespan_s,5,8.69934551879243,10.407887162402078,-1.708541643609648,-1.6130845966550815,-4.061288663937059,0.6442053767177636,-0.9016841292213237,0.11398677850860271,16.41583557690422,1
6,5.0,NonSharable,20,hds_full-pbqs,network_data_mb,5,36.357074679378314,36.357074679378314,0.0,0.0,0.0,0.0,,1.0,0.0,1
6,5.0,NonSharable,20,hds_full-pbqs,scheduler_runtime_s,5,0.01414864580219724,0.00195972640140094,0.0121889194007963,0.0118038579967105,0.009274974496002356,0.015102864305590245,5.193832722120867,0.0003141180191733603,-621.9704644527352,0
6,5.0,NonSharable,20,hds_full-pbqs,first_round_scheduler_runtime_s,5,0.014052602601441278,0.0014372804005688,0.01261532220087248,0.0120127990012407,0.00978638187381654,0.01544426252792842,5.53705260332071,0.00024459170130634216,-877.7217163665488,0
6,5.0,NonSharable,20,hds_full-pbqs,milp_runtime_s,5,0.013663006800197719,0.0,0.013663006800197719,0.0131625319991144,0.010847471445147545,0.016478542155247893,6.025448631141907,0.00017557808308509769,,0
6,5.0,Sharable,20,hds_full-pbqs,workflow_deadline_success,5,1.0,1.0,0.0,0.0,0.0,0.0,,1.0,0.0,0
6,5.0,Sharable,20,hds_full-pbqs,global_deadline_success,5,1.0,1.0,0.0,0.0,0.0,0.0,,1.0,0.0,0
6,5.0,Sharable,20,hds_full-pbqs,first_round_accepted_sfc_ratio,5,1.0,0.9666666666666668,0.033333333333333326,0.0,-0.05921483683992644,0.1258815035065931,0.4472135954999579,0.37390096630005876,3.448275862068953,0
6,5.0,Sharable,20,hds_full-pbqs,provisioning_cost,5,0.019000000000000003,0.015,0.004000000000000001,0.005000000000000001,0.0012235548948022067,0.006776445105197796,1.7888543819998317,0.016130089900092546,-26.666666666666693,1
6,5.0,Sharable,20,hds_full-pbqs,makespan_s,5,8.92941347444389,15.692357821275362,-6.762944346831475,-6.582461891118893,-9.853557898946235,-3.6723307947167143,-2.7170347815146396,0.0037084894691030166,43.09705669381574,1
6,5.0,Sharable,20,hds_full-pbqs,network_data_mb,5,36.357074679378314,36.357074679378314,0.0,0.0,0.0,0.0,,1.0,0.0,1
6,5.0,Sharable,20,hds_full-pbqs,scheduler_runtime_s,5,0.9302083432005019,0.0017898956000862401,0.9284184476004157,1.0696469579997938,0.290889498649438,1.5659473965513935,1.808206142717931,0.015561892370902749,-51869.97764314762,0
6,5.0,Sharable,20,hds_full-pbqs,first_round_scheduler_runtime_s,5,0.9302083432005019,0.0017131492000771,0.9284951940004248,1.0696469579997938,0.29109696524941553,1.565893422751434,1.808726480389865,0.015546949856282398,-54198.15121523788,0
6,5.0,Sharable,20,hds_full-pbqs,milp_runtime_s,5,0.9297186135991069,0.0,0.9297186135991069,1.070797890999529,0.2924549601318438,1.56698226706637,1.8114921895906153,0.015467816236187653,,0
7,5.0,NonSharable,20,hds_full-pbqs,workflow_deadline_success,5,1.0,1.0,0.0,0.0,0.0,0.0,,1.0,0.0,0
7,5.0,NonSharable,20,hds_full-pbqs,global_deadline_success,5,1.0,1.0,0.0,0.0,0.0,0.0,,1.0,0.0,0
7,5.0,NonSharable,20,hds_full-pbqs,first_round_accepted_sfc_ratio,5,0.6857142857142857,0.6,0.08571428571428574,0.1428571428571429,-0.01144105437975082,0.1828696258083223,1.0954451150103321,0.07048399691021992,14.285714285714292,0
7,5.0,NonSharable,20,hds_full-pbqs,provisioning_cost,5,0.035,0.027000000000000003,0.008000000000000002,0.010000000000000002,-0.0023885063368356777,0.018388506336835683,0.9561828874675148,0.09930068321372679,-29.629629629629626,1
7,5.0,NonSharable,20,hds_full-pbqs,makespan_s,5,9.616421084219866,12.485758572633022,-2.8693374884131573,-2.727075526893687,-4.066741229790606,-1.6719337470357087,-2.975398301295242,0.0026503165202593345,22.9808823526536,1
7,5.0,NonSharable,20,hds_full-pbqs,network_data_mb,5,44.29277157239214,44.29277157239214,0.0,0.0,0.0,0.0,,1.0,0.0,1
7,5.0,NonSharable,20,hds_full-pbqs,scheduler_runtime_s,5,0.01685337719973172,0.00235323839951884,0.014500138800212881,0.013830026004143302,0.008849171041802608,0.020151106558623157,3.1860561034676325,0.0020521164809961375,-616.1780635220674,0
7,5.0,NonSharable,20,hds_full-pbqs,first_round_scheduler_runtime_s,5,0.015986790999886518,0.0016357055996195,0.014351085400267022,0.0141357410029742,0.009091188124933307,0.019610982675600738,3.3877517266777173,0.0016282555917593053,-877.3635918104937,0
7,5.0,NonSharable,20,hds_full-pbqs,milp_runtime_s,5,0.016285485799016834,0.0,0.016285485799016834,0.0152597939995757,0.01047215387464161,0.022098817723392058,3.4784013149345654,0.0014732866494053696,,0
7,5.0,Sharable,20,hds_full-pbqs,workflow_deadline_success,5,1.0,1.0,0.0,0.0,0.0,0.0,,1.0,0.0,0
7,5.0,Sharable,20,hds_full-pbqs,global_deadline_success,5,1.0,1.0,0.0,0.0,0.0,0.0,,1.0,0.0,0
7,5.0,Sharable,20,hds_full-pbqs,first_round_accepted_sfc_ratio,5,0.9142857142857143,0.8857142857142856,0.02857142857142858,0.0,-0.05075557443422268,0.10789843157707985,0.44721359549995787,0.37390096630005887,3.2258064516129172,0
7,5.0,Sharable,20,hds_full-pbqs,provisioning_cost,5,0.023000000000000003,0.015,0.008000000000000002,0.010000000000000002,0.004599563096708724,0.01140043690329128,2.921186973360886,0.0028378459267344473,-53.33333333333336,1
7,5.0,Sharable,20,hds_full-pbqs,makespan_s,5,10.967855788032178,17.09551358835183,-6.127657800319656,-6.1231212690871075,-7.5958506120499045,-4.6594649885894075,-5.18221586645889,0.0003168757496724049,35.843660201555934,1
7,5.0,Sharable,20,hds_full-pbqs,network_data_mb,5,44.29277157239214,44.29277157239214,0.0,0.0,0.0,0.0,,1.0,0.0,1
7,5.0,Sharable,20,hds_full-pbqs,scheduler_runtime_s,5,3.912723593600094,0.00223446499876442,3.9104891286013297,4.36310272099945,-0.4270247026244629,8.248002959827122,1.1194231892464768,0.06654532233967587,-175007.8488928532,0
7,5.0,Sharable,20,hds_full-pbqs,first_round_scheduler_runtime_s,5,3.912628938600392,0.00196438699931602,3.9106645516010756,4.363220194998576,-0.42676560720278456,8.248094710404935,1.1194950016471952,0.06653390937340763,-199078.1120503613,0
7,5.0,Sharable,20,hds_full-pbqs,milp_runtime_s,5,3.9121350609995718,0.0,3.9121350609995718,4.364596252999036,-0.42547308760468816,8.249743209603832,1.119870005527563,0.06647434722274732,,0
8,5.0,NonSharable,20,hds_full-pbqs,workflow_deadline_success,5,1.0,1.0,0.0,0.0,0.0,0.0,,1.0,0.0,0
8,5.0,NonSharable,20,hds_full-pbqs,global_deadline_success,5,1.0,1.0,0.0,0.0,0.0,0.0,,1.0,0.0,0
8,5.0,NonSharable,20,hds_full-pbqs,first_round_accepted_sfc_ratio,5,0.6,0.55,0.05,0.0,-0.03501092258228196,0.13501092258228198,0.7302967433402214,0.17780780835622137,9.090909090909078,0
8,5.0,NonSharable,20,hds_full-pbqs,provisioning_cost,5,0.035,0.029000000000000005,0.006000000000000001,0.010000000000000002,-0.0008008738065825565,0.012800873806582558,1.0954451150103321,0.07048399691021992,-20.689655172413786,1
8,5.0,NonSharable,20,hds_full-pbqs,makespan_s,5,9.48851117092712,13.766226347139227,-4.277715176212103,-4.532006595762503,-6.65759827452061,-1.8978320779035966,-2.2318259802960734,0.007540905737702282,31.073985479695843,1
8,5.0,NonSharable,20,hds_full-pbqs,network_data_mb,5,50.710299345059944,50.710299345059944,0.0,0.0,0.0,0.0,,1.0,0.0,1
8,5.0,NonSharable,20,hds_full-pbqs,scheduler_runtime_s,5,0.01603310259888524,0.00297310959795134,0.013059993000933898,0.0119306260057783,0.00925671810323052,0.016863267898637273,4.263726278593464,0.0006758562547969321,-439.2704866962543,0
8,5.0,NonSharable,20,hds_full-pbqs,first_round_scheduler_runtime_s,5,0.01521234379979428,0.00188317839929362,0.01332916540050066,0.0123130060019321,0.010514550825593811,0.01614377997540751,5.8801460603012305,0.00019323879377813365,-707.8015235041156,0
8,5.0,NonSharable,20,hds_full-pbqs,milp_runtime_s,5,0.0153375662004691,0.0,0.0153375662004691,0.0140393270012282,0.011873697887292329,0.01880143451364587,5.497929496552861,0.0002514759842648846,,0
8,5.0,Sharable,20,hds_full-pbqs,workflow_deadline_success,5,1.0,1.0,0.0,0.0,0.0,0.0,,1.0,0.0,0
8,5.0,Sharable,20,hds_full-pbqs,global_deadline_success,5,1.0,1.0,0.0,0.0,0.0,0.0,,1.0,0.0,0
8,5.0,Sharable,20,hds_full-pbqs,first_round_accepted_sfc_ratio,5,0.825,0.8,0.025,0.0,-0.04441112762994485,0.09441112762994486,0.44721359549995787,0.37390096630005887,3.124999999999989,0
8,5.0,Sharable,20,hds_full-pbqs,provisioning_cost,5,0.028999999999999998,0.015,0.014000000000000002,0.010000000000000002,0.0071991261934174445,0.02080087380658256,2.556038601690775,0.004635839417904408,-93.33333333333333,1
8,5.0,Sharable,20,hds_full-pbqs,makespan_s,5,9.720508383170344,17.822652626668862,-8.102144243498516,-7.703837837686182,-10.304040490474641,-5.900247996522391,-4.568853246024474,0.0005172961724589458,45.459811248157884,1
8,5.0,Sharable,20,hds_full-pbqs,network_data_mb,5,50.710299345059944,50.710299345059944,0.0,0.0,0.0,0.0,,1.0,0.0,1
8,5.0,Sharable,20,hds_full-pbqs,scheduler_runtime_s,5,8.917200903400225,0.00285646779884696,8.914344435601379,9.224738851000438,0.9575269670982367,16.87116190410452,1.391086398184844,0.035852324209949334,-312075.7895187804,0
8,5.0,Sharable,20,hds_full-pbqs,first_round_scheduler_runtime_s,5,8.915143319399068,0.0021610281990433002,8.912982291200024,9.22099693799828,0.9558202309822876,16.87014435141776,1.3908136021183333,0.03587349896932353,-412441.739313992,0
8,5.0,Sharable,20,hds_full-pbqs,milp_runtime_s,5,8.916441629199834,0.0,8.916441629199834,9.22643658999732,0.960565697946695,16.872317560452974,1.3915783326348214,0.035814176773660264,,0
9,5.0,NonSharable,20,hds_full-pbqs,workflow_deadline_success,5,1.0,1.0,0.0,0.0,0.0,0.0,,1.0,0.0,0
9,5.0,NonSharable,20,hds_full-pbqs,global_deadline_success,5,1.0,1.0,0.0,0.0,0.0,0.0,,1.0,0.0,0
9,5.0,NonSharable,20,hds_full-pbqs,first_round_accepted_sfc_ratio,5,0.5333333333333334,0.48888888888888893,0.04444444444444447,0.0,-0.03112082007313953,0.12000970896202846,0.7302967433402215,0.17780780835622137,9.090909090909104,0
9,5.0,NonSharable,20,hds_full-pbqs,provisioning_cost,5,0.035,0.029000000000000005,0.006000000000000001,0.010000000000000002,-0.0008008738065825565,0.012800873806582558,1.0954451150103321,0.07048399691021992,-20.689655172413786,1
9,5.0,NonSharable,20,hds_full-pbqs,makespan_s,5,9.581914741342205,14.086716021847627,-4.504801280505421,-5.032483592784624,-7.352508375310258,-1.657094185700584,-1.9641941333327806,0.011763603645536193,31.97907357200041,1
9,5.0,NonSharable,20,hds_full-pbqs,network_data_mb,5,58.07864365388343,58.07864365388343,0.0,0.0,0.0,0.0,,1.0,0.0,1
9,5.0,NonSharable,20,hds_full-pbqs,scheduler_runtime_s,5,0.0170949718012707,0.00317746940054342,0.013917502400727278,0.013273726995976199,0.011055318101513709,0.016779686699940847,6.037648127916052,0.00017418859703650046,-438.0058671327273,0
9,5.0,NonSharable,20,hds_full-pbqs,first_round_scheduler_runtime_s,5,0.01597885720038898,0.0019412188004934799,0.0140376383998955,0.014304813001217501,0.010194743652703925,0.017880533147087076,4.53565121284963,0.0005321283692511712,-723.1353001695105,0
9,5.0,NonSharable,20,hds_full-pbqs,milp_runtime_s,5,0.01631387599918524,0.0,0.01631387599918524,0.0157344910003303,0.013808188312311656,0.018819563686058822,8.084148956577742,5.506366944764421e-05,,0
9,5.0,Sharable,20,hds_full-pbqs,workflow_deadline_success,5,1.0,1.0,0.0,0.0,0.0,0.0,,1.0,0.0,0
9,5.0,Sharable,20,hds_full-pbqs,global_deadline_success,5,1.0,1.0,0.0,0.0,0.0,0.0,,1.0,0.0,0
9,5.0,Sharable,20,hds_full-pbqs,first_round_accepted_sfc_ratio,5,0.7555555555555555,0.711111111111111,0.04444444444444447,0.0,-0.03112082007313953,0.12000970896202846,0.7302967433402215,0.17780780835622137,6.25000000000001,0
9,5.0,Sharable,20,hds_full-pbqs,provisioning_cost,5,0.035,0.015,0.020000000000000004,0.020000000000000004,0.020000000000000004,0.020000000000000004,,0.0,-133.33333333333337,1
9,5.0,Sharable,20,hds_full-pbqs,makespan_s,5,9.496778820745126,18.270816689412253,-8.77403786866713,-8.436887398096243,-10.373333554744237,-7.174742182590022,-6.812002955578039,0.000108326585154552,48.02214382541307,1
9,5.0,Sharable,20,hds_full-pbqs,network_data_mb,5,58.07864365388343,58.07864365388343,0.0,0.0,0.0,0.0,,1.0,0.0,1
9,5.0,Sharable,20,hds_full-pbqs,scheduler_runtime_s,5,7.033076432599046,0.0033562700002221003,7.0297201625988235,5.8949358469981235,0.25280786325734006,13.806632461940307,1.2879833850283453,0.04501227528462425,-209450.376821103,0
9,5.0,Sharable,20,hds_full-pbqs,first_round_scheduler_runtime_s,5,7.027819273599744,0.0025533624000672397,7.025265911199677,5.890693438999733,0.24830635464364637,13.802225467755708,1.2871583026205538,0.04509590973708618,-275137.8304550374,0
9,5.0,Sharable,20,hds_full-pbqs,milp_runtime_s,5,7.032157165799435,0.0,7.032157165799435,5.897569407996343,0.2556800247135236,13.808634306885347,1.288512629894973,0.04495872346273951,,0
10,5.0,NonSharable,20,hds_full-pbqs,workflow_deadline_success,5,1.0,1.0,0.0,0.0,0.0,0.0,,1.0,0.0,0
10,5.0,NonSharable,20,hds_full-pbqs,global_deadline_success,5,1.0,1.0,0.0,0.0,0.0,0.0,,1.0,0.0,0
10,5.0,NonSharable,20,hds_full-pbqs,first_round_accepted_sfc_ratio,5,0.48,0.44000000000000006,0.039999999999999994,0.0,-0.02800873806582556,0.10800873806582555,0.7302967433402215,0.17780780835622123,9.090909090909072,0
10,5.0,NonSharable,20,hds_full-pbqs,provisioning_cost,5,0.035,0.029000000000000005,0.006000000000000001,0.010000000000000002,-0.0008008738065825565,0.012800873806582558,1.0954451150103321,0.07048399691021992,-20.689655172413786,1
10,5.0,NonSharable,20,hds_full-pbqs,makespan_s,5,10.294767400529727,15.644740703907866,-5.349973303378138,-5.5578635237386,-6.917308176278951,-3.7826384304773253,-4.2383215973886434,0.0006916216033480573,34.196624952958025,1
10,5.0,NonSharable,20,hds_full-pbqs,network_data_mb,5,65.44435192954248,65.44435192954248,0.0,0.0,0.0,0.0,,1.0,0.0,1
10,5.0,NonSharable,20,hds_full-pbqs,scheduler_runtime_s,5,0.02233994419948424,0.0035950417994172,0.018744902400067043,0.0154842590018234,0.009166771122942705,0.02832303367719138,2.4300011961200054,0.005566399309399976,-521.4098596323919,0
10,5.0,NonSharable,20,hds_full-pbqs,first_round_scheduler_runtime_s,5,0.021085379798751042,0.0020074471998668196,0.01907793259888422,0.0157071800022095,0.009103235916479517,0.02905262928128892,2.3748473585145353,0.006044894701540985,-950.3578774151525,0
10,5.0,NonSharable,20,hds_full-pbqs,milp_runtime_s,5,0.02145829919973036,0.0,0.02145829919973036,0.0180046220011718,0.011752751815036929,0.031163846584423793,2.7452338876846807,0.003570380521737529,,0
10,5.0,Sharable,20,hds_full-pbqs,workflow_deadline_success,5,1.0,1.0,0.0,0.0,0.0,0.0,,1.0,0.0,0
10,5.0,Sharable,20,hds_full-pbqs,global_deadline_success,5,1.0,1.0,0.0,0.0,0.0,0.0,,1.0,0.0,0
10,5.0,Sharable,20,hds_full-pbqs,first_round_accepted_sfc_ratio,5,0.68,0.6199999999999999,0.059999999999999984,0.09999999999999998,-0.008008738065825582,0.12800873806582555,1.0954451150103321,0.07048399691021992,9.677419354838737,0
10,5.0,Sharable,20,hds_full-pbqs,provisioning_cost,5,0.035,0.015,0.020000000000000004,0.020000000000000004,0.020000000000000004,0.020000000000000004,,0.0,-133.33333333333337,1
10,5.0,Sharable,20,hds_full-pbqs,makespan_s,5,11.246314704418257,18.891155920353114,-7.644841215934858,-7.959290563722851,-9.326783486791276,-5.962898945078439,-5.64366820091706,0.00022698667499124656,40.46783186887147,1
10,5.0,Sharable,20,hds_full-pbqs,network_data_mb,5,65.44435192954248,65.44435192954248,0.0,0.0,0.0,0.0,,1.0,0.0,1
10,5.0,Sharable,20,hds_full-pbqs,scheduler_runtime_s,5,9.810102973599715,0.00344198999955546,9.806660983600159,8.85917230099949,3.205252654544661,16.408069312655655,1.8445424489698257,0.014558689917837452,-284912.53562232055,0
10,5.0,Sharable,20,hds_full-pbqs,first_round_scheduler_runtime_s,5,9.801023812999484,0.00240920799988084,9.798614604999603,8.851067760999285,3.197124831922152,16.400104378077053,1.8430062615441791,0.014599495606423114,-406715.17799560045,0
10,5.0,Sharable,20,hds_full-pbqs,milp_runtime_s,5,9.809105553998961,0.0,9.809105553998961,8.861975674997666,3.2077845775843477,16.410426530413574,1.8450266642838253,0.014545856218116649,,0
11,5.0,NonSharable,20,hds_full-pbqs,workflow_deadline_success,5,1.0,1.0,0.0,0.0,0.0,0.0,,1.0,0.0,0
11,5.0,NonSharable,20,hds_full-pbqs,global_deadline_success,5,1.0,1.0,0.0,0.0,0.0,0.0,,1.0,0.0,0
11,5.0,NonSharable,20,hds_full-pbqs,first_round_accepted_sfc_ratio,5,0.4545454545454545,0.4,0.05454545454545453,0.09090909090909088,-0.00728067096893234,0.1163715800598414,1.0954451150103321,0.07048399691021992,13.636363636363612,0
11,5.0,NonSharable,20,hds_full-pbqs,provisioning_cost,5,0.035,0.031000000000000007,0.004000000000000001,0.0,-0.0028008738065825566,0.010800873806582558,0.7302967433402215,0.17780780835622123,-12.9032258064516,1
11,5.0,NonSharable,20,hds_full-pbqs,makespan_s,5,11.369484579814321,16.22624565131963,-4.856761071505309,-3.968982095436937,-7.531915055182036,-2.181607087828582,-2.25424981409011,0.0072787121684527835,29.931514509706215,1
11,5.0,NonSharable,20,hds_full-pbqs,network_data_mb,5,70.73821256761961,70.73821256761961,0.0,0.0,0.0,0.0,,1.0,0.0,1
11,5.0,NonSharable,20,hds_full-pbqs,scheduler_runtime_s,5,0.023568504800641644,0.004220905600232,0.019347599200409637,0.0201357139958418,0.014793968834153085,0.02390122956666619,5.275618670510048,0.00029552452300897784,-458.3755485871613,0
11,5.0,NonSharable,20,hds_full-pbqs,first_round_scheduler_runtime_s,5,0.022952876000635957,0.0021781258008558603,0.0207747501997801,0.0213386369978252,0.01597490990884334,0.02557459049071686,5.374191187871603,0.00027489761966807946,-953.7901893277691,0
11,5.0,NonSharable,20,hds_full-pbqs,milp_runtime_s,5,0.02251517400000008,0.0,0.02251517400000008,0.0231024829990929,0.01779674811695065,0.027233599883049506,5.924916839220525,0.00018757046401146472,,0
11,5.0,Sharable,20,hds_full-pbqs,workflow_deadline_success,5,1.0,1.0,0.0,0.0,0.0,0.0,,1.0,0.0,0
11,5.0,Sharable,20,hds_full-pbqs,global_deadline_success,5,1.0,1.0,0.0,0.0,0.0,0.0,,1.0,0.0,0
11,5.0,Sharable,20,hds_full-pbqs,first_round_accepted_sfc_ratio,5,0.6545454545454545,0.5818181818181818,0.07272727272727275,0.09090909090909094,0.0222464526327674,0.12320809282177811,1.7888543819998317,0.016130089900092546,12.500000000000005,0
11,5.0,Sharable,20,hds_full-pbqs,provisioning_cost,5,0.035,0.023,0.012000000000000002,0.010000000000000002,0.0064471097896044135,0.01755289021039559,2.6832815729997472,0.0038825370469605107,-52.17391304347828,1
11,5.0,Sharable,20,hds_full-pbqs,makespan_s,5,11.610797547728543,18.92001685691764,-7.309219309189096,-7.454874615476662,-8.071577618720982,-6.54686099965721,-11.90463113961283,1.1837842205877736e-05,38.63220294392423,1
11,5.0,Sharable,20,hds_full-pbqs,network_data_mb,5,70.73821256761961,70.73821256761961,0.0,0.0,0.0,0.0,,1.0,0.0,1
11,5.0,Sharable,20,hds_full-pbqs,scheduler_runtime_s,5,12.763201176399889,0.004196319400944,12.759004856998946,15.068845433001117,7.685876948313396,17.832132765684495,3.1228065345482943,0.0022124218214507286,-304052.2810091313,0
11,5.0,Sharable,20,hds_full-pbqs,first_round_scheduler_runtime_s,5,12.752562846200453,0.0028040379998855803,12.749758808200568,15.05970824600081,7.677454126302091,17.822063490099044,3.1210499941810936,0.00221709019070069,-454692.79691362334,0
11,5.0,Sharable,20,hds_full-pbqs,milp_runtime_s,5,12.762054282600001,0.0,12.762054282600001,15.07264731500618,7.688825046994403,17.8352835182056,3.123490504748502,0.002210607309301833,,0
12,5.0,NonSharable,20,hds_full-pbqs,workflow_deadline_success,5,1.0,1.0,0.0,0.0,0.0,0.0,,1.0,0.0,0
12,5.0,NonSharable,20,hds_full-pbqs,global_deadline_success,5,1.0,1.0,0.0,0.0,0.0,0.0,,1.0,0.0,0
12,5.0,NonSharable,20,hds_full-pbqs,first_round_accepted_sfc_ratio,5,0.4166666666666667,0.3666666666666667,0.050000000000000024,0.08333333333333337,-0.006673948388187974,0.10667394838818803,1.0954451150103324,0.07048399691021992,13.636363636363633,0
12,5.0,NonSharable,20,hds_full-pbqs,provisioning_cost,5,0.035,0.029000000000000005,0.006000000000000001,0.010000000000000002,-0.0008008738065825565,0.012800873806582558,1.0954451150103321,0.07048399691021992,-20.689655172413786,1
12,5.0,NonSharable,20,hds_full-pbqs,makespan_s,5,10.764432134329704,16.934060597968788,-6.169628463639081,-5.920549701733245,-7.479722168905175,-4.8595347583729875,-5.847372225972108,0.00019752390140500545,36.43324900100523,1
12,5.0,NonSharable,20,hds_full-pbqs,network_data_mb,5,75.79612365719527,75.79612365719527,0.0,0.0,0.0,0.0,,1.0,0.0,1
12,5.0,NonSharable,20,hds_full-pbqs,scheduler_runtime_s,5,0.0245835386049293,0.00485827700176736,0.019725261603161938,0.0189936059978209,0.009198364169613898,0.030252159036709976,2.326625422391171,0.0065050131140564306,-406.0135228186087,0
12,5.0,NonSharable,20,hds_full-pbqs,first_round_scheduler_runtime_s,5,0.023832049001066436,0.00238279840050378,0.02144925060056266,0.020977919000870298,0.010741106984865691,0.032157394216259634,2.4871502675896497,0.005118547020277464,-900.1705975640983,0
12,5.0,NonSharable,20,hds_full-pbqs,milp_runtime_s,5,0.02341270260076268,0.0,0.02341270260076268,0.0229710879975755,0.012710617527035206,0.03411478767449015,2.716359449560374,0.0037118767130330656,,0
12,5.0,Sharable,20,hds_full-pbqs,workflow_deadline_success,5,1.0,1.0,0.0,0.0,0.0,0.0,,1.0,0.0,0
12,5.0,Sharable,20,hds_full-pbqs,global_deadline_success,5,1.0,1.0,0.0,0.0,0.0,0.0,,1.0,0.0,0
12,5.0,Sharable,20,hds_full-pbqs,first_round_accepted_sfc_ratio,5,0.65,0.5666666666666667,0.08333333333333334,0.08333333333333337,0.010167580576243132,0.15649908609042357,1.4142135623730956,0.03410942316740961,14.705882352941185,0
12,5.0,Sharable,20,hds_full-pbqs,provisioning_cost,5,0.035,0.028999999999999998,0.006000000000000001,0.010000000000000002,-0.0008008738065825565,0.012800873806582558,1.0954451150103321,0.07048399691021992,-20.68965517241381,1
12,5.0,Sharable,20,hds_full-pbqs,makespan_s,5,14.67054357947083,19.00469472943452,-4.334151149963689,-4.116158635295058,-6.235375925796192,-2.4329263741311857,-2.83057506618432,0.003189241537803209,22.805686761445024,1
12,5.0,Sharable,20,hds_full-pbqs,network_data_mb,5,75.79612365719527,75.79612365719527,0.0,0.0,0.0,0.0,,1.0,0.0,1
12,5.0,Sharable,20,hds_full-pbqs,scheduler_runtime_s,5,9.331327376598347,0.00456511219963424,9.326762264398713,11.266679905998899,1.4272441218704728,17.226280406926954,1.466001433829595,0.030555904568902628,-204305.21434163174,0
12,5.0,Sharable,20,hds_full-pbqs,first_round_scheduler_runtime_s,5,9.315947974399752,0.0028911473993502397,9.3130568270004,11.251555593004014,1.4192832824249475,17.206830371575855,1.4649124794387678,0.03062598922228231,-322123.21063579916,0
12,5.0,Sharable,20,hds_full-pbqs,milp_runtime_s,5,9.330030272601288,0.0,9.330030272601288,11.26998643999832,1.4306057142694275,17.22945483093315,1.4665324804477466,0.03052179537903487,,0
13,5.0,NonSharable,20,hds_full-pbqs,workflow_deadline_success,5,1.0,1.0,0.0,0.0,0.0,0.0,,1.0,0.0,0
13,5.0,NonSharable,20,hds_full-pbqs,global_deadline_success,5,1.0,1.0,0.0,0.0,0.0,0.0,,1.0,0.0,0
13,5.0,NonSharable,20,hds_full-pbqs,first_round_accepted_sfc_ratio,5,0.3846153846153846,0.3384615384615385,0.04615384615384612,0.07692307692307687,-0.006160567742942734,0.09846826005063497,1.0954451150103324,0.07048399691021992,13.636363636363619,0
13,5.0,NonSharable,20,hds_full-pbqs,provisioning_cost,5,0.035,0.029000000000000005,0.006000000000000001,0.010000000000000002,-0.0008008738065825565,0.012800873806582558,1.0954451150103321,0.07048399691021992,-20.689655172413786,1
13,5.0,NonSharable,20,hds_full-pbqs,makespan_s,5,11.768010766715447,17.892048040657777,-6.12403727394233,-6.5299354105736604,-7.567176254724478,-4.6808982931601815,-5.26906743423348,0.00029696256400751285,34.22770417353065,1
13,5.0,NonSharable,20,hds_full-pbqs,network_data_mb,5,81.55128269278097,81.55128269278097,0.0,0.0,0.0,0.0,,1.0,0.0,1
13,5.0,NonSharable,20,hds_full-pbqs,scheduler_runtime_s,5,0.02263129679922708,0.00520585039994326,0.017425446399283822,0.0168568229928496,0.013967825329485942,0.020883067469081702,6.257640444065471,0.00015132961799267587,-334.7281435416151,0
13,5.0,NonSharable,20,hds_full-pbqs,first_round_scheduler_runtime_s,5,0.02177084879876924,0.0024848763998306204,0.019285972398938624,0.0190200149991142,0.015776863009533897,0.02279508178834335,6.824152495906033,0.00010756801268944323,-776.1340725137569,0
13,5.0,NonSharable,20,hds_full-pbqs,milp_runtime_s,5,0.02137589459962324,0.0,0.02137589459962324,0.0211965559974487,0.01787062968580655,0.02488115951343993,7.571946602133034,7.134249588231657e-05,,0
13,5.0,Sharable,20,hds_full-pbqs,workflow_deadline_success,5,1.0,1.0,0.0,0.0,0.0,0.0,,1.0,0.0,0
13,5.0,Sharable,20,hds_full-pbqs,global_deadline_success,5,1.0,1.0,0.0,0.0,0.0,0.0,,1.0,0.0,0
13,5.0,Sharable,20,hds_full-pbqs,first_round_accepted_sfc_ratio,5,0.6153846153846153,0.5384615384615385,0.07692307692307696,0.07692307692307693,-0.01858953832336649,0.1724356921695204,1.0,0.08900934250008567,14.285714285714253,0
13,5.0,Sharable,20,hds_full-pbqs,provisioning_cost,5,0.035,0.027000000000000003,0.008000000000000002,0.010000000000000002,-0.002388506336835676,0.01838850633683568,0.956182887467515,0.09930068321372679,-29.629629629629626,1
13,5.0,Sharable,20,hds_full-pbqs,makespan_s,5,14.104918978516542,18.82935433657959,-4.724435358063052,-3.8591043020505733,-7.45107220674026,-1.9977985093858432,-2.1514274256191066,0.008580696014848855,25.09079851391897,1
13,5.0,Sharable,20,hds_full-pbqs,network_data_mb,5,81.55128269278097,81.55128269278097,0.0,0.0,0.0,0.0,,1.0,0.0,1
13,5.0,Sharable,20,hds_full-pbqs,scheduler_runtime_s,5,12.460469620998628,0.00587503460046712,12.454594586398162,15.111541539998145,4.947816597832108,19.961372574964216,2.0600611518961562,0.009982383739947878,-211991.85082940458,0
13,5.0,Sharable,20,hds_full-pbqs,first_round_scheduler_runtime_s,5,12.44527795239992,0.00310707480020934,12.442170877599711,15.099536802998045,4.936680293923119,19.947661461276304,2.058359205967739,0.010011029889139126,-400446.4545482271,0
13,5.0,Sharable,20,hds_full-pbqs,milp_runtime_s,5,12.458998422999866,0.0,12.458998422999866,15.114330373002304,4.95187365200638,19.96612319399335,2.060694375999979,0.00997175107586618,,0
14,5.0,NonSharable,20,hds_full-pbqs,workflow_deadline_success,5,1.0,1.0,0.0,0.0,0.0,0.0,,1.0,0.0,0
14,5.0,NonSharable,20,hds_full-pbqs,global_deadline_success,5,1.0,1.0,0.0,0.0,0.0,0.0,,1.0,0.0,0
14,5.0,NonSharable,20,hds_full-pbqs,first_round_accepted_sfc_ratio,5,0.3571428571428571,0.3142857142857142,0.04285714285714284,0.0714285714285714,-0.005720527189875396,0.09143481290416107,1.0954451150103324,0.07048399691021992,13.636363636363644,0
14,5.0,NonSharable,20,hds_full-pbqs,provisioning_cost,5,0.035,0.029000000000000005,0.006000000000000001,0.010000000000000002,-0.0008008738065825565,0.012800873806582558,1.0954451150103321,0.07048399691021992,-20.689655172413786,1
14,5.0,NonSharable,20,hds_full-pbqs,makespan_s,5,13.484684736634453,18.52934835329372,-5.044663616659267,-6.10250541761749,-8.466681897432228,-1.6226453358863062,-1.8304335868244843,0.014938693701235359,27.225261895206064,1
14,5.0,NonSharable,20,hds_full-pbqs,network_data_mb,5,88.51304668349886,88.51304668349886,0.0,0.0,0.0,0.0,,1.0,0.0,1
14,5.0,NonSharable,20,hds_full-pbqs,scheduler_runtime_s,5,0.022911605196713883,0.006100616398180081,0.0168109887985338,0.0168279010031256,0.011849924598723773,0.021772052998343828,4.207484266409106,0.0007113764046408421,-275.562135058169,0
14,5.0,NonSharable,20,hds_full-pbqs,first_round_scheduler_runtime_s,5,0.021855129799951044,0.00267074699877408,0.01918438280117696,0.019417716001044,0.014304383282346966,0.024064382320006957,4.8812622542413715,0.00040009429123368694,-718.3152432627627,0
14,5.0,NonSharable,20,hds_full-pbqs,milp_runtime_s,5,0.02144658360120952,0.0,0.02144658360120952,0.0216475170018384,0.01669823871077649,0.026194928491642552,5.60815428461023,0.00023267028389716945,,0
14,5.0,Sharable,20,hds_full-pbqs,workflow_deadline_success,5,1.0,1.0,0.0,0.0,0.0,0.0,,1.0,0.0,0
14,5.0,Sharable,20,hds_full-pbqs,global_deadline_success,5,1.0,1.0,0.0,0.0,0.0,0.0,,1.0,0.0,0
14,5.0,Sharable,20,hds_full-pbqs,first_round_accepted_sfc_ratio,5,0.6,0.5142857142857142,0.08571428571428572,0.0714285714285714,0.011510669022602282,0.15991790240596915,1.4342743312012718,0.03267792333680304,16.666666666666675,0
14,5.0,Sharable,20,hds_full-pbqs,provisioning_cost,5,0.035,0.025,0.010000000000000002,0.010000000000000002,0.0012201096691491723,0.018779890330850833,1.414213562373095,0.03410942316740962,-40.00000000000001,1
14,5.0,Sharable,20,hds_full-pbqs,makespan_s,5,16.362798117130758,18.936325503243104,-2.573527386112347,-2.6063655238472023,-4.51083588026251,-0.6362188919621832,-1.649430802257895,0.021051202053287456,13.59042643025752,1
14,5.0,Sharable,20,hds_full-pbqs,network_data_mb,5,88.51304668349886,88.51304668349886,0.0,0.0,0.0,0.0,,1.0,0.0,1
14,5.0,Sharable,20,hds_full-pbqs,scheduler_runtime_s,5,10.98883407519752,0.00613986379976262,10.982694211397757,15.07965016000162,3.619216863251868,18.346171559543645,1.8519532770759732,0.01436375628293172,-178875.2091181953,0
14,5.0,Sharable,20,hds_full-pbqs,first_round_scheduler_runtime_s,5,10.975221190000592,0.0033777620003092395,10.971843428000284,15.06653573299991,3.6087998467774547,18.334887009223113,1.8502325605159606,0.01440873604212775,-324825.8292619727,0
14,5.0,Sharable,20,hds_full-pbqs,milp_runtime_s,5,10.98733328239905,0.0,10.98733328239905,15.08331136400011,3.6248507844552886,18.34981578034281,1.85298588850039,0.0143368449277076,,0
15,5.0,NonSharable,20,hds_full-pbqs,workflow_deadline_success,5,1.0,1.0,0.0,0.0,0.0,0.0,,1.0,0.0,0
15,5.0,NonSharable,20,hds_full-pbqs,global_deadline_success,5,1.0,1.0,0.0,0.0,0.0,0.0,,1.0,0.0,0
15,5.0,NonSharable,20,hds_full-pbqs,first_round_accepted_sfc_ratio,5,0.3333333333333333,0.2933333333333333,0.04000000000000002,0.06666666666666671,-0.005339158710550393,0.08533915871055044,1.095445115010332,0.07048399691021992,13.636363636363651,0
15,5.0,NonSharable,20,hds_full-pbqs,provisioning_cost,5,0.035,0.033,0.0020000000000000005,0.0,-0.003552890210395588,0.0075528902103955894,0.4472135954999579,0.37390096630005887,-6.060606060606066,1
15,5.0,NonSharable,20,hds_full-pbqs,makespan_s,5,15.249984853801973,18.25183340172717,-3.0018485479251944,-2.422947488821041,-5.289223236915964,-0.7144738589344253,-1.6295044655161006,0.021893272023008406,16.446832939211088,1
15,5.0,NonSharable,20,hds_full-pbqs,network_data_mb,5,92.95813344235044,92.95813344235044,0.0,0.0,0.0,0.0,,1.0,0.0,1
15,5.0,NonSharable,20,hds_full-pbqs,scheduler_runtime_s,5,0.0236105110008793,0.0067128521994162995,0.016897658801463,0.0157246489870886,0.009576167762517865,0.024219149840408134,2.8657024199172554,0.003046989370078976,-251.72100173652416,0
15,5.0,NonSharable,20,hds_full-pbqs,first_round_scheduler_runtime_s,5,0.02231775000036574,0.0029417366000415598,0.01937601340032418,0.0176358129974688,0.011734797955804108,0.027017228844844254,3.1485172015598484,0.002145458094712422,-658.6590179437019,0
15,5.0,NonSharable,20,hds_full-pbqs,milp_runtime_s,5,0.02186515599969422,0.0,0.02186515599969422,0.0199637900004745,0.013977325331643555,0.029752986667744886,3.441906674023312,0.0015333831159608697,,0
15,5.0,Sharable,20,hds_full-pbqs,workflow_deadline_success,5,1.0,1.0,0.0,0.0,0.0,0.0,,1.0,0.0,0
15,5.0,Sharable,20,hds_full-pbqs,global_deadline_success,5,1.0,1.0,0.0,0.0,0.0,0.0,,1.0,0.0,0
15,5.0,Sharable,20,hds_full-pbqs,first_round_accepted_sfc_ratio,5,0.5866666666666667,0.49333333333333335,0.09333333333333331,0.06666666666666665,-0.0010476517988181333,0.18771431846548475,1.227881227029841,0.05160595781117475,18.918918918918916,0
15,5.0,Sharable,20,hds_full-pbqs,provisioning_cost,5,0.035,0.028999999999999998,0.006000000000000003,0.010000000000000002,-0.005105780420791169,0.017105780420791174,0.6708203932499373,0.20799999999999966,-20.68965517241381,1
15,5.0,Sharable,20,hds_full-pbqs,makespan_s,5,15.891135406726267,19.128220564905643,-3.237085158179371,-2.7587956132162166,-5.392241052278603,-1.0819292640801383,-1.8650029499193124,0.014028088862130939,16.923085695270704,1
15,5.0,Sharable,20,hds_full-pbqs,network_data_mb,5,92.95813344235044,92.95813344235044,0.0,0.0,0.0,0.0,,1.0,0.0,1
15,5.0,Sharable,20,hds_full-pbqs,scheduler_runtime_s,5,13.110772917600116,0.00675049299825328,13.104022424601862,15.194358833992736,7.142952804408303,19.06509204479542,2.7295089493946576,0.0036466005141419463,-194119.4876876783,0
15,5.0,Sharable,20,hds_full-pbqs,first_round_scheduler_runtime_s,5,13.089228360800917,0.003932980999525121,13.08529537980139,15.183496678000665,7.1247141182326486,19.045876641370132,2.7258315029976306,0.0036647129135666556,-332706.8038564475,0
15,5.0,Sharable,20,hds_full-pbqs,milp_runtime_s,5,13.10898002840113,0.0,13.10898002840113,15.199141616994892,7.148060036646601,19.069900020155657,2.7306101368501854,0.0036411982808844034,,0
16,5.0,NonSharable,20,hds_full-pbqs,workflow_deadline_success,5,1.0,1.0,0.0,0.0,0.0,0.0,,1.0,0.0,0
16,5.0,NonSharable,20,hds_full-pbqs,global_deadline_success,5,1.0,1.0,0.0,0.0,0.0,0.0,,1.0,0.0,0
16,5.0,NonSharable,20,hds_full-pbqs,first_round_accepted_sfc_ratio,5,0.3125,0.275,0.0375,0.0625,-0.005005461291140982,0.08000546129114097,1.0954451150103321,0.07048399691021992,13.636363636363628,0
16,5.0,NonSharable,20,hds_full-pbqs,provisioning_cost,5,0.035,0.037000000000000005,-0.001999999999999999,0.0,-0.007552890210395583,0.003552890210395585,-0.44721359549995787,0.37390096630005887,5.40540540540541,1
16,5.0,NonSharable,20,hds_full-pbqs,makespan_s,5,14.685403034341158,18.844203408260267,-4.1588003739191075,-4.3884211236463475,-6.50263235043349,-1.8149683974047246,-2.203158226252666,0.00789308048366115,22.069388043731887,1
16,5.0,NonSharable,20,hds_full-pbqs,network_data_mb,5,98.3058311837618,98.3058311837618,0.0,0.0,0.0,0.0,,1.0,0.0,1
16,5.0,NonSharable,20,hds_full-pbqs,scheduler_runtime_s,5,0.02549551980118846,0.007000911000795839,0.01849460880039262,0.0187997449975228,0.013937302978439058,0.02305191462234618,5.038961791347613,0.000353491338014235,-264.17431671807026,0
16,5.0,NonSharable,20,hds_full-pbqs,first_round_scheduler_runtime_s,5,0.02404486200030072,0.00299366580147756,0.02105119619882316,0.020648088997404602,0.01627760361751632,0.02582478878013,5.475647951515554,0.0002555046234717236,-703.1912576358085,0
16,5.0,NonSharable,20,hds_full-pbqs,milp_runtime_s,5,0.02360145320053558,0.0,0.02360145320053558,0.0230747919995337,0.01883172465332545,0.028371181747745708,6.14397118291709,0.00016264032569344414,,0
16,5.0,Sharable,20,hds_full-pbqs,workflow_deadline_success,5,1.0,1.0,0.0,0.0,0.0,0.0,,1.0,0.0,0
16,5.0,Sharable,20,hds_full-pbqs,global_deadline_success,5,1.0,1.0,0.0,0.0,0.0,0.0,,1.0,0.0,0
16,5.0,Sharable,20,hds_full-pbqs,first_round_accepted_sfc_ratio,5,0.575,0.475,0.1,0.0625,0.03058887237005517,0.16941112762994484,1.788854381999832,0.016130089900092546,21.052631578947366,0
16,5.0,Sharable,20,hds_full-pbqs,provisioning_cost,5,0.035,0.035,1.3877787807814458e-18,0.0,-0.01520721613791635,0.015207216137916353,1.1331166295920987e-16,0.9999999999999998,0.0,1
16,5.0,Sharable,20,hds_full-pbqs,makespan_s,5,16.042181081936967,19.28827480397293,-3.246093722035961,-2.2376255209986375,-5.243277193531829,-1.2489102505400933,-2.018120902246636,0.01071827879467908,16.82936268290487,1
16,5.0,Sharable,20,hds_full-pbqs,network_data_mb,5,98.3058311837618,98.3058311837618,0.0,0.0,0.0,0.0,,1.0,0.0,1
16,5.0,Sharable,20,hds_full-pbqs,scheduler_runtime_s,5,12.922165479797695,0.00825544100152906,12.913910038796166,15.117920539993065,6.733889296604615,19.093930780987716,2.594608956851034,0.0043899086333789574,-156429.0755200633,0
16,5.0,Sharable,20,hds_full-pbqs,first_round_scheduler_runtime_s,5,12.898621706999984,0.00425382980029092,12.894367877199693,15.101943847999792,6.717779429727427,19.07095632467196,2.5921222546835136,0.004405274267236899,-303123.7374922204,0
16,5.0,Sharable,20,hds_full-pbqs,milp_runtime_s,5,12.920180307400006,0.0,12.920180307400006,15.123991821001256,6.739929335622987,19.100431279177023,2.5957720505623887,0.004382744298081426,,0
17,5.0,NonSharable,20,hds_full-pbqs,workflow_deadline_success,5,1.0,1.0,0.0,0.0,0.0,0.0,,1.0,0.0,0
17,5.0,NonSharable,20,hds_full-pbqs,global_deadline_success,5,1.0,1.0,0.0,0.0,0.0,0.0,,1.0,0.0,0
17,5.0,NonSharable,20,hds_full-pbqs,first_round_accepted_sfc_ratio,5,0.2941176470588235,0.2823529411764706,0.011764705882352938,0.0,-0.020899354178797565,0.04442876594350344,0.44721359549995787,0.37390096630005887,4.166666666666652,0
17,5.0,NonSharable,20,hds_full-pbqs,provisioning_cost,5,0.035,0.035,0.0,0.0,0.0,0.0,,1.0,0.0,1
17,5.0,NonSharable,20,hds_full-pbqs,makespan_s,5,15.13309436609644,19.020863666809575,-3.8877693007131313,-3.9347410509388574,-4.87335904912651,-2.9021795522997524,-4.897882898831287,0.0003948361230783169,20.43949932461317,1
17,5.0,NonSharable,20,hds_full-pbqs,network_data_mb,5,103.15260408606973,103.15260408606973,0.0,0.0,0.0,0.0,,1.0,0.0,1
17,5.0,NonSharable,20,hds_full-pbqs,scheduler_runtime_s,5,0.025194469000416518,0.007593172201450139,0.01760129679896638,0.019205672990210598,0.012883087897229051,0.022319505700703714,4.632032411478928,0.0004904639078948641,-231.80426219762134,0
17,5.0,NonSharable,20,hds_full-pbqs,first_round_scheduler_runtime_s,5,0.02361651920000436,0.00318147600046354,0.020435043199540818,0.0220294749997265,0.015476837256859569,0.025393249142222067,5.117467433974169,0.0003328104784669779,-642.3132909556268,0
17,5.0,NonSharable,20,hds_full-pbqs,milp_runtime_s,5,0.02315308280085444,0.0,0.02315308280085444,0.0248345530017104,0.018260163816587887,0.028046001785120993,5.875500790774098,0.00019383906224918396,,0
17,5.0,Sharable,20,hds_full-pbqs,workflow_deadline_success,5,1.0,1.0,0.0,0.0,0.0,0.0,,1.0,0.0,0
17,5.0,Sharable,20,hds_full-pbqs,global_deadline_success,5,1.0,1.0,0.0,0.0,0.0,0.0,,1.0,0.0,0
17,5.0,Sharable,20,hds_full-pbqs,first_round_accepted_sfc_ratio,5,0.5647058823529412,0.4470588235294118,0.11764705882352944,0.11764705882352944,0.06600064511264218,0.16929347253441668,2.828427124746189,0.0031982021523353087,26.3157894736842,0
17,5.0,Sharable,20,hds_full-pbqs,provisioning_cost,5,0.035,0.031,0.004000000000000002,0.010000000000000002,-0.00710578042079117,0.015105780420791174,0.4472135954999582,0.37390096630005865,-12.903225806451625,1
17,5.0,Sharable,20,hds_full-pbqs,makespan_s,5,16.96333019764877,19.406793515070525,-2.4434633174217564,-1.794958062895347,-4.350891489390705,-0.5360351454528081,-1.5906027166634098,0.02365601524279579,12.590762691035291,1
17,5.0,Sharable,20,hds_full-pbqs,network_data_mb,5,103.15260408606973,103.15260408606973,0.0,0.0,0.0,0.0,,1.0,0.0,1
17,5.0,Sharable,20,hds_full-pbqs,scheduler_runtime_s,5,15.206689889798872,0.00917567760261588,15.197514212196257,15.194915570980811,15.065387359021246,15.329641065371268,142.81885783262635,5.768204259042405e-10,-165628.2497094669,0
17,5.0,Sharable,20,hds_full-pbqs,first_round_scheduler_runtime_s,5,15.179809995000687,0.00450531900132766,15.17530467599936,15.141531200999452,15.045109241222168,15.305500110776553,144.72573105353135,5.470167038581973e-10,-336830.8586257131,0
17,5.0,Sharable,20,hds_full-pbqs,milp_runtime_s,5,15.2046484564009,0.0,15.2046484564009,15.20261117699556,15.072235229713876,15.337061683087924,142.5768789569683,5.807461535352505e-10,,0
18,5.0,NonSharable,20,hds_full-pbqs,workflow_deadline_success,5,1.0,1.0,0.0,0.0,0.0,0.0,,1.0,0.0,0
18,5.0,NonSharable,20,hds_full-pbqs,global_deadline_success,5,1.0,1.0,0.0,0.0,0.0,0.0,,1.0,0.0,0
18,5.0,NonSharable,20,hds_full-pbqs,first_round_accepted_sfc_ratio,5,0.2777777777777778,0.2666666666666667,0.011111111111111117,0.0,-0.019738278946642155,0.04196050116886439,0.447213595499958,0.37390096630005887,4.166666666666651,0
18,5.0,NonSharable,20,hds_full-pbqs,provisioning_cost,5,0.035,0.035,0.0,0.0,0.0,0.0,,1.0,0.0,1
18,5.0,NonSharable,20,hds_full-pbqs,makespan_s,5,15.741221893375771,19.256861923066616,-3.515640029690844,-3.2684825269517823,-5.341603280706046,-1.6896767786756415,-2.3906525244054815,0.005902802542981897,18.25655729233679,1
18,5.0,NonSharable,20,hds_full-pbqs,network_data_mb,5,107.01334211742733,107.01334211742733,0.0,0.0,0.0,0.0,,1.0,0.0,1
18,5.0,NonSharable,20,hds_full-pbqs,scheduler_runtime_s,5,0.0247701357962796,0.00808345379919044,0.01668668199708916,0.016781900001660698,0.013453402845929883,0.019919961148248438,6.408123554018436,0.00013782130191831914,-206.43010291913012,0
18,5.0,NonSharable,20,hds_full-pbqs,first_round_scheduler_runtime_s,5,0.02307457619972408,0.00325809380010464,0.019816482399619438,0.0198875959977159,0.01664532245563843,0.022987642343600446,7.759120700722799,6.47744347437961e-05,-608.2232009091633,0
18,5.0,NonSharable,20,hds_full-pbqs,milp_runtime_s,5,0.02263175280022546,0.0,0.02263175280022546,0.0226529350002238,0.019616458440402558,0.025647047160048363,9.319498965911123,3.133308226914686e-05,,0
18,5.0,Sharable,20,hds_full-pbqs,workflow_deadline_success,5,0.8,1.0,-0.2,0.0,-0.7552890210395589,0.3552890210395588,-0.44721359549995787,0.37390096630005887,-19.999999999999996,0
18,5.0,Sharable,20,hds_full-pbqs,global_deadline_success,5,0.8,1.0,-0.2,0.0,-0.7552890210395589,0.3552890210395588,-0.44721359549995787,0.37390096630005887,-19.999999999999996,0
18,5.0,Sharable,20,hds_full-pbqs,first_round_accepted_sfc_ratio,5,0.5444444444444445,0.4333333333333334,0.11111111111111112,0.1111111111111111,0.06233394260638431,0.15988827961583793,2.8284271247461903,0.0031982021523353048,25.641025641025635,0
18,5.0,Sharable,20,hds_full-pbqs,provisioning_cost,4,0.035,0.03,0.005000000000000003,0.010000000000000002,-0.010912231526418537,0.020912231526418544,0.5000000000000002,0.39100221895577025,-16.666666666666682,1
18,5.0,Sharable,20,hds_full-pbqs,makespan_s,4,16.454140633308658,19.702158515297725,-3.248017881989068,-3.0883771655366434,-4.435612114824114,-2.060423649154022,-4.351925187172604,0.003192084256964776,16.485594101109008,1
18,5.0,Sharable,20,hds_full-pbqs,network_data_mb,4,105.2596510775531,105.2596510775531,0.0,0.0,0.0,0.0,,1.0,0.0,1
18,5.0,Sharable,20,hds_full-pbqs,scheduler_runtime_s,5,15.23097355079808,0.00976774599839694,15.221205804799684,15.24846045299637,15.151666893473832,15.290744716125536,271.78485968105485,4.398477383595269e-11,-155831.3024038274,0
18,5.0,Sharable,20,hds_full-pbqs,first_round_scheduler_runtime_s,5,15.203624642400246,0.0042656803998397195,15.199358962000407,15.212691178003297,15.130246543019812,15.268471380981001,273.0695452027326,4.316287932864353e-11,-356317.34066554805,0
18,5.0,Sharable,20,hds_full-pbqs,milp_runtime_s,5,15.228631039202446,0.0,15.228631039202446,15.25820283300709,15.159056286587292,15.2982057918176,271.77736452616244,4.398962609221965e-11,,0
19,5.0,NonSharable,20,hds_full-pbqs,workflow_deadline_success,5,1.0,1.0,0.0,0.0,0.0,0.0,,1.0,0.0,0
19,5.0,NonSharable,20,hds_full-pbqs,global_deadline_success,5,1.0,1.0,0.0,0.0,0.0,0.0,,1.0,0.0,0
19,5.0,NonSharable,20,hds_full-pbqs,first_round_accepted_sfc_ratio,5,0.2631578947368421,0.2526315789473684,0.0105263157894737,0.0,-0.0186994221599768,0.039752053738924195,0.4472135954999579,0.37390096630005887,4.16666666666668,0
19,5.0,NonSharable,20,hds_full-pbqs,provisioning_cost,5,0.035,0.035,0.0,0.0,0.0,0.0,,1.0,0.0,1
19,5.0,NonSharable,20,hds_full-pbqs,makespan_s,5,16.528675817261323,19.255345413253544,-2.7266695959922163,-2.187067518474681,-4.535773328368434,-0.9175658636159987,-1.8714280512225892,0.01386629796816172,14.160585216588434,1
19,5.0,NonSharable,20,hds_full-pbqs,network_data_mb,5,111.48311838156783,111.48311838156783,0.0,0.0,0.0,0.0,,1.0,0.0,1
19,5.0,NonSharable,20,hds_full-pbqs,scheduler_runtime_s,5,0.026563350595097242,0.00910232820024242,0.017461022394854822,0.014377822986716601,0.007986412127612167,0.026935632662097475,2.2882970663689925,0.0069015165331902184,-191.83028792995827,0
19,5.0,NonSharable,20,hds_full-pbqs,first_round_scheduler_runtime_s,5,0.0246525957998528,0.00362786280020368,0.021024732999649118,0.0180681459969492,0.011782313961332305,0.03026715203796593,2.8245477649610207,0.0032144643635912706,-579.5349537052152,0
19,5.0,NonSharable,20,hds_full-pbqs,milp_runtime_s,5,0.024207096199097538,0.0,0.024207096199097538,0.0217498589991009,0.014947078640171585,0.03346711375802349,3.2458987966498887,0.0019134458310737753,,0
19,5.0,Sharable,20,hds_full-pbqs,workflow_deadline_success,5,0.8,1.0,-0.2,0.0,-0.7552890210395589,0.3552890210395588,-0.44721359549995787,0.37390096630005887,-19.999999999999996,0
19,5.0,Sharable,20,hds_full-pbqs,global_deadline_success,5,0.8,1.0,-0.2,0.0,-0.7552890210395589,0.3552890210395588,-0.44721359549995787,0.37390096630005887,-19.999999999999996,0
19,5.0,Sharable,20,hds_full-pbqs,first_round_accepted_sfc_ratio,5,0.5473684210526316,0.42105263157894723,0.12631578947368424,0.10526315789473695,0.09052171680746027,0.16210986213990822,4.38178046004133,0.0006081849444633351,30.000000000000053,0
19,5.0,Sharable,20,hds_full-pbqs,provisioning_cost,4,0.035,0.03,0.005000000000000003,0.010000000000000002,-0.010912231526418537,0.020912231526418544,0.5000000000000002,0.39100221895577025,-16.666666666666682,1
19,5.0,Sharable,20,hds_full-pbqs,makespan_s,4,17.259058272849263,19.529338625404645,-2.27028035255538,-2.3859798559606595,-3.59670293881314,-0.94385776629762,-2.7235081017174565,0.012152297402177312,11.624973052605574,1
19,5.0,Sharable,20,hds_full-pbqs,network_data_mb,4,109.6066757832537,109.6066757832537,0.0,0.0,0.0,0.0,,1.0,0.0,1
19,5.0,Sharable,20,hds_full-pbqs,scheduler_runtime_s,5,15.216047185798379,0.0104311299990513,15.205616055799329,15.200390472997242,15.170649734240984,15.240582377357674,539.9557398536101,2.8234272819196084e-12,-145771.51331813773,0
19,5.0,Sharable,20,hds_full-pbqs,first_round_scheduler_runtime_s,5,15.181330173400056,0.0043181541994272,15.177012019200628,15.180892331001814,15.1550186358235,15.199005402577756,856.8372178764097,4.4526356933722276e-13,-351469.8947345106,0
19,5.0,Sharable,20,hds_full-pbqs,milp_runtime_s,5,15.213608530000055,0.0,15.213608530000055,15.208471625006496,15.178965592860207,15.248251467139903,545.282575729944,2.714706065870776e-12,,0
20,5.0,NonSharable,20,hds_full-pbqs,workflow_deadline_success,5,1.0,1.0,0.0,0.0,0.0,0.0,,1.0,0.0,0
20,5.0,NonSharable,20,hds_full-pbqs,global_deadline_success,5,1.0,1.0,0.0,0.0,0.0,0.0,,1.0,0.0,0
20,5.0,NonSharable,20,hds_full-pbqs,first_round_accepted_sfc_ratio,5,0.25,0.24,0.009999999999999998,0.0,-0.017764451051977933,0.037764451051977926,0.4472135954999579,0.37390096630005887,4.1666666666666705,0
20,5.0,NonSharable,20,hds_full-pbqs,provisioning_cost,5,0.035,0.035,0.0,0.0,0.0,0.0,,1.0,0.0,1
20,5.0,NonSharable,20,hds_full-pbqs,makespan_s,5,16.962835195140393,19.365090061360736,-2.402254866220342,-2.7225541556953594,-4.32788357718465,-0.47662615525603313,-1.5489971482622353,0.025731705090717837,12.40507975231974,1
20,5.0,NonSharable,20,hds_full-pbqs,network_data_mb,5,116.97744119792841,116.97744119792841,0.0,0.0,0.0,0.0,,1.0,0.0,1
20,5.0,NonSharable,20,hds_full-pbqs,scheduler_runtime_s,5,0.024114182601624602,0.00960955839764208,0.014504624203982519,0.014824801004579,0.013574321118323858,0.01543492728964118,19.359142153988337,1.702641854018184e-06,-150.93955001659137,0
20,5.0,NonSharable,20,hds_full-pbqs,first_round_scheduler_runtime_s,5,0.022096249400783523,0.00362468599923882,0.0184715634015447,0.0182737629984331,0.017094238459415503,0.019848888343673897,16.652189011244175,3.1062796843253714e-06,-509.60451209908143,0
20,5.0,NonSharable,20,hds_full-pbqs,milp_runtime_s,5,0.0216760432005685,0.0,0.0216760432005685,0.0212819830012449,0.020216320564103676,0.02313576583703332,18.437997598528053,2.068496668985737e-06,,0
20,5.0,Sharable,20,hds_full-pbqs,workflow_deadline_success,5,0.8,0.8,0.0,0.0,0.0,0.0,,1.0,0.0,0
20,5.0,Sharable,20,hds_full-pbqs,global_deadline_success,5,0.8,0.8,0.0,0.0,0.0,0.0,,1.0,0.0,0
20,5.0,Sharable,20,hds_full-pbqs,first_round_accepted_sfc_ratio,5,0.54,0.41,0.13000000000000003,0.10000000000000003,0.07447109789604414,0.18552890210395592,2.906888370749726,0.002890007117100737,31.707317073170746,0
20,5.0,Sharable,20,hds_full-pbqs,provisioning_cost,4,0.035,0.03,0.005000000000000003,0.010000000000000002,-0.010912231526418537,0.020912231526418544,0.5000000000000002,0.39100221895577025,-16.666666666666682,1
20,5.0,Sharable,20,hds_full-pbqs,makespan_s,4,17.475143660483987,19.562897810560376,-2.0877541500763868,-2.2419317664449068,-4.504877935230417,0.3293696350776436,-1.374394956944236,0.07081405226814881,10.67200866810941,1
20,5.0,Sharable,20,hds_full-pbqs,network_data_mb,4,115.0647251243881,115.0647251243881,0.0,0.0,0.0,0.0,,1.0,0.0,1
20,5.0,Sharable,20,hds_full-pbqs,scheduler_runtime_s,5,15.221325604601589,0.011422808604402179,15.209902795997186,15.229697323989967,15.148634280309887,15.271171311684485,308.24296143154817,2.6584743430381092e-11,-133153.79188035696,0
20,5.0,Sharable,20,hds_full-pbqs,first_round_scheduler_runtime_s,5,15.193859352599247,0.00443541319982608,15.189423939399422,15.203024398997515,15.132926143687314,15.24592173511153,333.8211804777514,1.932637895842138e-11,-342457.9234240233,0
20,5.0,Sharable,20,hds_full-pbqs,milp_runtime_s,5,15.218767725398356,0.0,15.218767725398356,15.23866790399552,15.156423817171847,15.281111633624866,303.10252467645637,2.843457382869852e-11,,0
