controlled_bos_size,deadline_factor,variant,sharing,candidate_count,n,workflow_deadline_success_mean,workflow_deadline_success_ci95_low,workflow_deadline_success_ci95_high,workflow_deadline_success_median,global_deadline_success_mean,global_deadline_success_ci95_low,global_deadline_success_ci95_high,global_deadline_success_median,first_round_accepted_sfc_ratio_mean,first_round_accepted_sfc_ratio_ci95_low,first_round_accepted_sfc_ratio_ci95_high,first_round_accepted_sfc_ratio_median,provisioning_cost_mean,provisioning_cost_ci95_low,provisioning_cost_ci95_high,provisioning_cost_median,makespan_s_mean,makespan_s_ci95_low,makespan_s_ci95_high,makespan_s_median,network_data_mb_mean,network_data_mb_ci95_low,network_data_mb_ci95_high,network_data_mb_median,scheduler_runtime_s_mean,scheduler_runtime_s_ci95_low,scheduler_runtime_s_ci95_high,scheduler_runtime_s_median,first_round_scheduler_runtime_s_mean,first_round_scheduler_runtime_s_ci95_low,first_round_scheduler_runtime_s_ci95_high,first_round_scheduler_runtime_s_median,milp_runtime_s_mean,milp_runtime_s_ci95_low,milp_runtime_s_ci95_high,milp_runtime_s_median,milp_invocations_mean,milp_invocations_max,milp_max_variables_mean,milp_max_variables_max,milp_max_constraints_mean,milp_max_constraints_max,milp_max_single_solve_s_mean,milp_max_single_solve_s_max,milp_limit_reached_count_mean,milp_limit_reached_count_max,jointly_scheduled_sfc_ratio_mean,jointly_scheduled_sfc_ratio_max
2,5.0,hds_full,NonSharable,20,5,1.0,1.0,1.0,1.0,1.0,1.0,1.0,1.0,1.0,1.0,1.0,1.0,0.016,0.013223554894802206,0.018776445105197794,0.015,3.475167108878587,2.1774157324308403,4.772918485326334,3.4073844570463656,12.988526386352728,9.152797917623692,16.82425485508176,13.816190699404494,0.00818122519922322,0.0010745040094710346,0.015287946388975404,0.005072513999039,0.00818122519922322,0.0010745040094710346,0.015287946388975404,0.005072513999039,0.00797324339946494,0.0008842583449461417,0.015062228453983738,0.0048722860010457,1.0,1.0,33.0,33.0,144.0,144.0,0.00797324339946494,0.0179644019990519,0.0,0.0,1.0,1.0
2,5.0,hds_full,Sharable,20,5,1.0,1.0,1.0,1.0,1.0,1.0,1.0,1.0,1.0,1.0,1.0,1.0,0.012,0.008599563096708722,0.015400436903291279,0.01,4.483085457592103,1.885801990352617,7.080368924831589,4.327130853244643,12.988526386352728,9.152797917623692,16.82425485508176,13.816190699404494,0.014425658599793643,0.006705040167764976,0.022146277031822308,0.0136240589999943,0.014425658599793643,0.006705040167764976,0.022146277031822308,0.0136240589999943,0.014179181399231258,0.00648965969792768,0.021868703100534837,0.0133917220009607,1.0,1.0,38.0,38.0,149.0,149.0,0.014179181399231258,0.0233943589992122,0.0,0.0,1.0,1.0
2,5.0,pbqs,NonSharable,20,5,1.0,1.0,1.0,1.0,1.0,1.0,1.0,1.0,1.0,1.0,1.0,1.0,0.01,0.01,0.01,0.01,6.304238611002067,3.7507120385942003,8.857765183409935,6.183959861576036,12.988526386352728,9.152797917623692,16.82425485508176,13.816190699404494,0.00059758780043918,0.0005608077331057553,0.0006343678677726047,0.0005917010021221,0.00059758780043918,0.0005608077331057553,0.0006343678677726047,0.0005917010021221,0.0,0.0,0.0,0.0,0.0,0.0,0.0,0.0,0.0,0.0,0.0,0.0,0.0,0.0,0.0,0.0
2,5.0,pbqs,Sharable,20,5,1.0,1.0,1.0,1.0,1.0,1.0,1.0,1.0,1.0,1.0,1.0,1.0,0.007000000000000001,0.003599563096708723,0.01040043690329128,0.005,8.3471854159812,3.1830281806281846,13.511342651334214,8.127051617889165,12.988526386352728,9.152797917623692,16.82425485508176,13.816190699404494,0.0007040039999992,0.0005440750101988315,0.0008639329897995686,0.0006420259996957,0.0007040039999992,0.0005440750101988315,0.0008639329897995686,0.0006420259996957,0.0,0.0,0.0,0.0,0.0,0.0,0.0,0.0,0.0,0.0,0.0,0.0,0.0,0.0,0.0,0.0
3,5.0,hds_full,NonSharable,20,5,1.0,1.0,1.0,1.0,1.0,1.0,1.0,1.0,1.0,1.0,1.0,1.0,0.02,0.02,0.02,0.02,5.044200752084189,3.764853324595414,6.323548179572963,4.574926264145652,19.090332588746644,15.502034195022024,22.678630982471265,17.6920416596465,0.008479968200117542,0.0076017898981757745,0.009358146502059309,0.0083357229996181,0.008479968200117542,0.0076017898981757745,0.009358146502059309,0.0083357229996181,0.00822419739997708,0.007374113922691382,0.009074280877262777,0.0081009540008381,1.0,1.0,42.0,42.0,184.0,184.0,0.00822419739997708,0.0092607099977612,0.0,0.0,1.0,1.0
3,5.0,hds_full,Sharable,20,5,1.0,1.0,1.0,1.0,1.0,1.0,1.0,1.0,1.0,1.0,1.0,1.0,0.015,0.015,0.015,0.015,6.051550748856122,4.956445786699486,7.146655711012757,5.472590998844673,19.090332588746644,15.502034195022024,22.678630982471265,17.6920416596465,0.05716901619962293,0.03694215623826497,0.0773958761609809,0.057900754000002,0.05716901619962293,0.03694215623826497,0.0773958761609809,0.057900754000002,0.05686500579977285,0.03667698545063256,0.07705302614891313,0.0575965110001561,1.0,1.0,57.0,57.0,209.0,209.0,0.05686500579977285,0.0775951629984774,0.0,0.0,1.0,1.0
3,5.0,pbqs,NonSharable,20,5,1.0,1.0,1.0,1.0,1.0,1.0,1.0,1.0,1.0,1.0,1.0,1.0,0.015,0.015,0.015,0.015,7.278390756812419,6.125754965163678,8.43102654846116,7.431695014246208,19.090332588746644,15.502034195022024,22.678630982471265,17.6920416596465,0.0009321209996414201,0.0007492505332697107,0.0011149914660131296,0.000856645998283,0.0009321209996414201,0.0007492505332697107,0.0011149914660131296,0.000856645998283,0.0,0.0,0.0,0.0,0.0,0.0,0.0,0.0,0.0,0.0,0.0,0.0,0.0,0.0,0.0,0.0
3,5.0,pbqs,Sharable,20,5,1.0,1.0,1.0,1.0,1.0,1.0,1.0,1.0,1.0,1.0,1.0,1.0,0.01,0.01,0.01,0.01,11.373369812903153,9.267270058123351,13.479469567682955,10.5286045685557,19.090332588746644,15.502034195022024,22.678630982471265,17.6920416596465,0.0009624054000595799,0.0008217110324400076,0.0011030997676791522,0.0009252080017176,0.0009624054000595799,0.0008217110324400076,0.0011030997676791522,0.0009252080017176,0.0,0.0,0.0,0.0,0.0,0.0,0.0,0.0,0.0,0.0,0.0,0.0,0.0,0.0,0.0,0.0
4,5.0,hds_full,NonSharable,20,5,1.0,1.0,1.0,1.0,1.0,1.0,1.0,1.0,1.0,1.0,1.0,1.0,0.025,0.025,0.025,0.025,5.987471249483052,4.649050373470622,7.325892125495482,6.126661255942999,26.226163744256354,23.430951965541038,29.02137552297167,26.09037385070368,0.009373111800232401,0.007431437467703804,0.011314786132760999,0.0084440640021057,0.009373111800232401,0.007431437467703804,0.011314786132760999,0.0084440640021057,0.00905926839914166,0.00715674953106,0.010961787267223319,0.0081475430015416,1.0,1.0,51.0,51.0,224.0,224.0,0.00905926839914166,0.0108089659988763,0.0,0.0,1.0,1.0
4,5.0,hds_full,Sharable,20,5,1.0,1.0,1.0,1.0,1.0,1.0,1.0,1.0,1.0,1.0,1.0,1.0,0.017,0.013599563096708723,0.02040043690329128,0.015,7.453734667777463,5.638850792914119,9.268618542640809,7.933924760939204,26.226163744256354,23.430951965541038,29.02137552297167,26.09037385070368,0.12528293959985598,0.06902817196757305,0.1815377072321389,0.1246170160011388,0.12528293959985598,0.06902817196757305,0.1815377072321389,0.1246170160011388,0.12488100519985887,0.06867484391217608,0.18108716648754164,0.1242474760001641,1.0,1.0,81.0,81.0,279.0,279.0,0.12488100519985887,0.1827819530008128,0.0,0.0,1.0,1.0
4,5.0,pbqs,NonSharable,20,5,1.0,1.0,1.0,1.0,1.0,1.0,1.0,1.0,0.9,0.7299781548354362,1.070021845164564,1.0,0.020999999999999998,0.014199126193417441,0.027800873806582554,0.025,7.949686890431691,7.2717835946293965,8.627590186233984,7.9828587785649585,26.226163744256354,23.430951965541038,29.02137552297167,26.09037385070368,0.0011461403992142998,0.0010067590280158746,0.001285521770412725,0.0010790570013341,0.0010361727996496199,0.000982974276508009,0.0010893713227912308,0.0010386859976279,0.0,0.0,0.0,0.0,0.0,0.0,0.0,0.0,0.0,0.0,0.0,0.0,0.0,0.0,0.0,0.0
4,5.0,pbqs,Sharable,20,5,1.0,1.0,1.0,1.0,1.0,1.0,1.0,1.0,1.0,1.0,1.0,1.0,0.012,0.008599563096708722,0.015400436903291279,0.01,13.545910448827428,10.300379886634072,16.791441011020783,13.961306281337514,26.226163744256354,23.430951965541038,29.02137552297167,26.09037385070368,0.00116598860040534,0.00111784826812312,0.00121412893268756,0.0011659970004984,0.00116598860040534,0.00111784826812312,0.00121412893268756,0.0011659970004984,0.0,0.0,0.0,0.0,0.0,0.0,0.0,0.0,0.0,0.0,0.0,0.0,0.0,0.0,0.0,0.0
5,5.0,hds_full,NonSharable,20,5,1.0,1.0,1.0,1.0,1.0,1.0,1.0,1.0,0.96,0.8489421957920882,1.0710578042079117,1.0,0.033,0.027447109789604414,0.03855289021039559,0.035,6.683279752084617,4.600093696044716,8.766465808124519,7.231902457187531,30.95857355692069,26.299970837606136,35.61717627623524,30.353430378949,0.012433347199839741,0.009847714472733549,0.015018979926945933,0.0128763749999052,0.012421553600142899,0.00984875602715051,0.014994351173135289,0.0128763749999052,0.012050977999751881,0.009470333957560252,0.01463162204194351,0.0124696900020353,1.0,1.0,60.0,60.0,264.0,264.0,0.012050977999751881,0.0142889189992274,0.0,0.0,0.96,1.0
5,5.0,hds_full,Sharable,20,5,1.0,1.0,1.0,1.0,1.0,1.0,1.0,1.0,1.0,1.0,1.0,1.0,0.019,0.016223554894802206,0.021776445105197793,0.02,7.958206095203074,6.237870031997858,9.678542158408291,7.933924760939204,30.95857355692069,26.299970837606136,35.61717627623524,30.353430378949,0.5533879262002301,0.21549744233060103,0.8912784100698592,0.5199967640000978,0.5533879262002301,0.21549744233060103,0.8912784100698592,0.5199967640000978,0.5529135677999875,0.21504206376209045,0.8907850718378845,0.5195730939994974,1.0,1.0,110.0,110.0,359.0,359.0,0.5529135677999875,0.977472028000193,0.0,0.0,1.0,1.0
5,5.0,pbqs,NonSharable,20,5,1.0,1.0,1.0,1.0,1.0,1.0,1.0,1.0,0.76,0.6489421957920882,0.8710578042079118,0.8,0.023,0.017447109789604412,0.028552890210395587,0.025,9.859531921323114,8.183252195138955,11.535811647507273,9.933788085071049,30.95857355692069,26.299970837606136,35.61717627623524,30.353430378949,0.00156281099843904,0.0014419232808291333,0.0016836987160489467,0.0015485349940718,0.00124377419924706,0.0012000330440867808,0.0012875153544073393,0.0012287999998079,0.0,0.0,0.0,0.0,0.0,0.0,0.0,0.0,0.0,0.0,0.0,0.0,0.0,0.0,0.0,0.0
5,5.0,pbqs,Sharable,20,5,1.0,1.0,1.0,1.0,1.0,1.0,1.0,1.0,1.0,1.0,1.0,1.0,0.015,0.015,0.015,0.015,13.865053430140822,10.747631285263147,16.982475575018498,13.961306281337514,30.95857355692069,26.299970837606136,35.61717627623524,30.353430378949,0.0014775702002225,0.001331014644194723,0.001624125756250277,0.0014424679975491,0.0014775702002225,0.001331014644194723,0.001624125756250277,0.0014424679975491,0.0,0.0,0.0,0.0,0.0,0.0,0.0,0.0,0.0,0.0,0.0,0.0,0.0,0.0,0.0,0.0
6,5.0,hds_full,NonSharable,20,5,1.0,1.0,1.0,1.0,1.0,1.0,1.0,1.0,0.8,0.7074518298267403,0.8925481701732598,0.8333333333333334,0.035,0.035,0.035,0.035,8.69934551879243,6.973361901692045,10.425329135892817,8.362380307153039,36.357074679378314,31.473602734143746,41.24054662461288,34.47667707288825,0.01414864580219724,0.011257426885880752,0.01703986471851373,0.0136178190005011,0.014052602601441278,0.011233214947657279,0.016871990255225275,0.0135609140015731,0.013663006800197719,0.010847471445147545,0.016478542155247893,0.0131625319991144,1.0,1.0,69.0,69.0,304.0,304.0,0.013663006800197719,0.0172643000005336,0.0,0.0,0.8,0.8333333333333334
6,5.0,hds_full,Sharable,20,5,1.0,1.0,1.0,1.0,1.0,1.0,1.0,1.0,1.0,1.0,1.0,1.0,0.019000000000000003,0.01622355489480221,0.021776445105197797,0.02,8.92941347444389,7.756188293933684,10.102638654954097,8.893134161591519,36.357074679378314,31.473602734143746,41.24054662461288,34.47667707288825,0.9302083432005019,0.2929253421737308,1.567491344227273,1.0712661990000925,0.9302083432005019,0.2929253421737308,1.567491344227273,1.0712661990000925,0.9297186135991069,0.2924549601318438,1.56698226706637,1.070797890999529,1.0,1.0,144.0,144.0,449.0,449.0,0.9297186135991069,1.4614126279993798,0.0,0.0,1.0,1.0
6,5.0,pbqs,NonSharable,20,5,1.0,1.0,1.0,1.0,1.0,1.0,1.0,1.0,0.7333333333333334,0.6199854365569574,0.8466812301097094,0.6666666666666666,0.029000000000000005,0.02219912619341745,0.03580087380658256,0.025,10.407887162402078,9.266851507899828,11.548922816904328,10.146488967888262,36.357074679378314,31.473602734143746,41.24054662461288,34.47667707288825,0.00195972640140094,0.0016064957230964934,0.002312957079705387,0.0019044860018766,0.0014372804005688,0.001343599940999205,0.0015309608601383948,0.0014364599992404,0.0,0.0,0.0,0.0,0.0,0.0,0.0,0.0,0.0,0.0,0.0,0.0,0.0,0.0,0.0,0.0
6,5.0,pbqs,Sharable,20,5,1.0,1.0,1.0,1.0,1.0,1.0,1.0,1.0,0.9666666666666668,0.874118496493407,1.0592148368399266,1.0,0.015,0.015,0.015,0.015,15.692357821275362,13.269742802449219,18.114972840101505,14.462314506866376,36.357074679378314,31.473602734143746,41.24054662461288,34.47667707288825,0.0017898956000862401,0.0013657110913066007,0.0022140801088658796,0.0016512689981027,0.0017131492000771,0.0015014455421744862,0.0019248528579797139,0.0016512689981027,0.0,0.0,0.0,0.0,0.0,0.0,0.0,0.0,0.0,0.0,0.0,0.0,0.0,0.0,0.0,0.0
7,5.0,hds_full,NonSharable,20,5,1.0,1.0,1.0,1.0,1.0,1.0,1.0,1.0,0.6857142857142857,0.6063872827086345,0.7650412887199369,0.7142857142857143,0.035,0.035,0.035,0.035,9.616421084219866,7.524060985275159,11.708781183164572,10.134239085349572,44.29277157239214,38.593013367167515,49.99252977761677,44.04863429696533,0.01685337719973172,0.010953864031202337,0.022752890368261103,0.0158067699994717,0.015986790999886518,0.010658492811045936,0.0213150891887271,0.0156653890007874,0.016285485799016834,0.01047215387464161,0.022098817723392058,0.0152597939995757,1.2,2.0,78.0,78.0,344.0,344.0,0.01559564639901504,0.0218551760008267,0.0,0.0,0.7142857142857143,0.7142857142857143
7,5.0,hds_full,Sharable,20,5,1.0,1.0,1.0,1.0,1.0,1.0,1.0,1.0,0.9142857142857143,0.8171303741916777,1.0114410543797507,0.8571428571428571,0.023000000000000003,0.019599563096708725,0.02640043690329128,0.025,10.967855788032178,10.285136454495483,11.650575121568874,11.117751528816914,44.29277157239214,38.593013367167515,49.99252977761677,44.04863429696533,3.912723593600094,-0.42485609177824113,8.250303278978429,4.365195215999847,3.912628938600392,-0.4249585444172377,8.25021642161802,4.365042999001162,3.9121350609995718,-0.42547308760468816,8.249743209603832,4.364596252999036,1.0,1.0,183.0,183.0,549.0,549.0,3.9121350609995718,7.393290402000275,0.0,0.0,0.9142857142857143,1.0
7,5.0,pbqs,NonSharable,20,5,1.0,1.0,1.0,1.0,1.0,1.0,1.0,1.0,0.6,0.45159276661663317,0.7484072333833668,0.5714285714285714,0.027000000000000003,0.016611493663164327,0.03738850633683568,0.025,12.485758572633022,11.025207823912488,13.946309321353556,12.346521668225376,44.29277157239214,38.593013367167515,49.99252977761677,44.04863429696533,0.00235323839951884,0.0018145721825154,0.00289190461652228,0.0022763209999538,0.0016357055996195,0.0014570942569891402,0.0018143169422498598,0.001586321999639,0.0,0.0,0.0,0.0,0.0,0.0,0.0,0.0,0.0,0.0,0.0,0.0,0.0,0.0,0.0,0.0
7,5.0,pbqs,Sharable,20,5,1.0,1.0,1.0,1.0,1.0,1.0,1.0,1.0,0.8857142857142856,0.8063872827086344,0.9650412887199368,0.8571428571428571,0.015,0.015,0.015,0.015,17.09551358835183,15.121488113128988,19.069539063574677,17.24087279790402,44.29277157239214,38.593013367167515,49.99252977761677,44.04863429696533,0.00223446499876442,0.0018232094136725106,0.002645720583856329,0.0021544789997278,0.00196438699931602,0.0016675860362001613,0.0022611879624318786,0.0018939709989354,0.0,0.0,0.0,0.0,0.0,0.0,0.0,0.0,0.0,0.0,0.0,0.0,0.0,0.0,0.0,0.0
8,5.0,hds_full,NonSharable,20,5,1.0,1.0,1.0,1.0,1.0,1.0,1.0,1.0,0.6,0.5305888723700551,0.6694111276299448,0.625,0.035,0.035,0.035,0.035,9.48851117092712,7.0194070832122755,11.957615258641965,10.134239085349572,50.710299345059944,45.17371281704136,56.246885873078526,52.19782501055718,0.01603310259888524,0.012584330655369473,0.01948187454240101,0.0147941019931749,0.01521234379979428,0.01247529251163105,0.017949395087957513,0.0145517499986453,0.0153375662004691,0.011873697887292329,0.01880143451364587,0.0140393270012282,2.0,2.0,87.0,87.0,384.0,384.0,0.014811452800495261,0.0181232780014397,0.0,0.0,0.625,0.625
8,5.0,hds_full,Sharable,20,5,1.0,1.0,1.0,1.0,1.0,1.0,1.0,1.0,0.825,0.739989077417718,0.9100109225822819,0.875,0.028999999999999998,0.02219912619341744,0.035800873806582555,0.025,9.720508383170344,8.300901844336273,11.140114922004415,9.674928604967288,50.710299345059944,45.17371281704136,56.246885873078526,52.19782501055718,8.917200903400225,0.9613739191726021,16.87302788762785,9.227198133001366,8.915143319399068,0.9582721506839587,16.872014488114175,9.22297185899879,8.916441629199834,0.960565697946695,16.872317560452974,9.22643658999732,1.4,2.0,227.0,227.0,659.0,659.0,8.914586729000439,15.0571927710007,0.4,1.0,0.875,0.875
8,5.0,pbqs,NonSharable,20,5,1.0,1.0,1.0,1.0,1.0,1.0,1.0,1.0,0.55,0.4649890774177181,0.635010922582282,0.5,0.029000000000000005,0.02219912619341745,0.03580087380658256,0.025,13.766226347139227,11.540960405162913,15.991492289115541,13.607659966859924,50.710299345059944,45.17371281704136,56.246885873078526,52.19782501055718,0.00297310959795134,0.0020195414816052645,0.003926677714297416,0.0028185160008433,0.00188317839929362,0.0014908364242385615,0.0022755203743486784,0.0017986579987336,0.0,0.0,0.0,0.0,0.0,0.0,0.0,0.0,0.0,0.0,0.0,0.0,0.0,0.0,0.0,0.0
8,5.0,pbqs,Sharable,20,5,1.0,1.0,1.0,1.0,1.0,1.0,1.0,1.0,0.8,0.7149890774177181,0.885010922582282,0.75,0.015,0.015,0.015,0.015,17.822652626668862,16.618909852049782,19.026395401287942,17.890696594458507,50.710299345059944,45.17371281704136,56.246885873078526,52.19782501055718,0.00285646779884696,0.0016134673126604142,0.004099468285033506,0.0024592820009274,0.0021610281990433002,0.0017359214488964906,0.0025861349491901097,0.0020063579977431,0.0,0.0,0.0,0.0,0.0,0.0,0.0,0.0,0.0,0.0,0.0,0.0,0.0,0.0,0.0,0.0
9,5.0,hds_full,NonSharable,20,5,1.0,1.0,1.0,1.0,1.0,1.0,1.0,1.0,0.5333333333333334,0.4716345532178269,0.59503211344884,0.5555555555555556,0.035,0.035,0.035,0.035,9.581914741342205,6.6473688648925275,12.516460617791882,8.900550898436515,58.07864365388343,51.10844780367497,65.0488395040919,58.38360897957621,0.0170949718012707,0.014511849265801383,0.019678094336740018,0.0164662009956373,0.01597885720038898,0.012156701837956939,0.01980101256282102,0.016126766000525,0.01631387599918524,0.013808188312311656,0.018819563686058822,0.0157344910003303,3.0,3.0,96.0,96.0,424.0,424.0,0.015598738999688038,0.0198416769999312,0.0,0.0,0.5555555555555556,0.5555555555555556
9,5.0,hds_full,Sharable,20,5,1.0,1.0,1.0,1.0,1.0,1.0,1.0,1.0,0.7555555555555555,0.693856775440049,0.8172543356710621,0.7777777777777778,0.035,0.035,0.035,0.035,9.496778820745126,8.060972550337496,10.932585091152756,9.674928604967288,58.07864365388343,51.10844780367497,65.0488395040919,58.38360897957621,7.033076432599046,0.2565923003485757,13.809560564849516,5.898633422995772,7.027819273599744,0.2510739030065716,13.804564644192915,5.893688458996621,7.032157165799435,0.2556800247135236,13.808634306885347,5.897569407996343,2.0,2.0,276.0,276.0,779.0,779.0,7.027217619998555,15.05515380399811,0.2,1.0,0.888888888888889,0.8888888888888888
9,5.0,pbqs,NonSharable,20,5,1.0,1.0,1.0,1.0,1.0,1.0,1.0,1.0,0.48888888888888893,0.41332362437130493,0.5644541534064729,0.4444444444444444,0.029000000000000005,0.02219912619341745,0.03580087380658256,0.025,14.086716021847627,12.278562731945332,15.894869311749922,14.035154044968207,58.07864365388343,51.10844780367497,65.0488395040919,58.38360897957621,0.00317746940054342,0.002765600225337217,0.003589338575749623,0.0031924739996611,0.0019412188004934799,0.0017409171208855074,0.002141520480101452,0.001854240999819,0.0,0.0,0.0,0.0,0.0,0.0,0.0,0.0,0.0,0.0,0.0,0.0,0.0,0.0,0.0,0.0
9,5.0,pbqs,Sharable,20,5,1.0,1.0,1.0,1.0,1.0,1.0,1.0,1.0,0.711111111111111,0.6355458465935271,0.786676375628695,0.6666666666666666,0.015,0.015,0.015,0.015,18.270816689412253,17.423036794103375,19.118596584721132,18.11181600306353,58.07864365388343,51.10844780367497,65.0488395040919,58.38360897957621,0.0033562700002221003,0.0028013646271865924,0.003911175373257608,0.0032361590056098,0.0025533624000672397,0.0021387339720929893,0.00296799082804149,0.0023622780026926,0.0,0.0,0.0,0.0,0.0,0.0,0.0,0.0,0.0,0.0,0.0,0.0,0.0,0.0,0.0,0.0
10,5.0,hds_full,NonSharable,20,5,1.0,1.0,1.0,1.0,1.0,1.0,1.0,1.0,0.48,0.4244710978960441,0.5355289021039559,0.5,0.035,0.035,0.035,0.035,10.294767400529727,8.634651130099039,11.954883670960415,10.44530423112906,65.44435192954248,57.64956477568139,73.23913908340357,65.20617230698258,0.02233994419948424,0.012656401350747205,0.03202348704822127,0.018828199001291,0.021085379798751042,0.011099319233666626,0.03107144036383546,0.0177356610001879,0.02145829919973036,0.011752751815036929,0.031163846584423793,0.0180046220011718,4.0,4.0,105.0,105.0,464.0,464.0,0.02071367219978126,0.0350318679993506,0.0,0.0,0.5,0.5
10,5.0,hds_full,Sharable,20,5,1.0,1.0,1.0,1.0,1.0,1.0,1.0,1.0,0.68,0.6244710978960442,0.7355289021039559,0.7,0.035,0.035,0.035,0.035,11.246314704418257,9.928700920661989,12.563928488174525,10.814241701532923,65.44435192954248,57.64956477568139,73.23913908340357,65.20617230698258,9.810102973599715,3.208805050140861,16.41140089705857,8.862974183000915,9.801023812999484,3.1995102093594783,16.40253741663949,8.853405242000008,9.809105553998961,3.2077845775843477,16.410426530413574,8.861975674997666,3.0,3.0,330.0,330.0,909.0,909.0,9.80047838879982,15.085401704000104,0.4,1.0,0.9,0.9
10,5.0,pbqs,NonSharable,20,5,1.0,1.0,1.0,1.0,1.0,1.0,1.0,1.0,0.44000000000000006,0.37199126193417453,0.5080087380658256,0.4,0.029000000000000005,0.02219912619341745,0.03580087380658256,0.025,15.644740703907866,13.4154415450889,17.874039862726832,15.948310377481532,65.44435192954248,57.64956477568139,73.23913908340357,65.20617230698258,0.0035950417994172,0.0032528900611957213,0.0039371935376386795,0.0037016729984316,0.0020074471998668196,0.001970784565686651,0.0020441098340469883,0.002024084002187,0.0,0.0,0.0,0.0,0.0,0.0,0.0,0.0,0.0,0.0,0.0,0.0,0.0,0.0,0.0,0.0
10,5.0,pbqs,Sharable,20,5,1.0,1.0,1.0,1.0,1.0,1.0,1.0,1.0,0.6199999999999999,0.5161149366316432,0.7238850633683566,0.6,0.015,0.015,0.015,0.015,18.891155920353114,17.843654207303203,19.938657633403025,19.06374472672561,65.44435192954248,57.64956477568139,73.23913908340357,65.20617230698258,0.00344198999955546,0.003122883681327491,0.003761096317783429,0.003393364000658,0.00240920799988084,0.0023291536237317655,0.0024892623760299146,0.0023834099993109,0.0,0.0,0.0,0.0,0.0,0.0,0.0,0.0,0.0,0.0,0.0,0.0,0.0,0.0,0.0,0.0
11,5.0,hds_full,NonSharable,20,5,1.0,1.0,1.0,1.0,1.0,1.0,1.0,1.0,0.4545454545454545,0.4545454545454545,0.4545454545454545,0.4545454545454545,0.035,0.035,0.035,0.035,11.369484579814321,9.540701768884235,13.198267390744407,11.398694811539832,70.73821256761961,64.60264289779602,76.87378223744321,71.51870617591312,0.023568504800641644,0.01872179051722863,0.028415219084054658,0.0242234540019126,0.022952876000635957,0.018146321424808896,0.027759430576463018,0.0235926839995954,0.02251517400000008,0.01779674811695065,0.027233599883049506,0.0231024829990929,5.0,5.0,114.0,114.0,504.0,504.0,0.02251517400000008,0.0265143500000704,0.0,0.0,0.4545454545454545,0.4545454545454545
11,5.0,hds_full,Sharable,20,5,1.0,1.0,1.0,1.0,1.0,1.0,1.0,1.0,0.6545454545454545,0.6040646344509492,0.7050262746399599,0.6363636363636364,0.035,0.035,0.035,0.035,11.610797547728543,10.725979903165442,12.495615192291645,11.752312494028192,70.73821256761961,64.60264289779602,76.87378223744321,71.51870617591312,12.763201176399889,7.689901044624908,17.83650130817487,15.07381383200118,12.752562846200453,7.680164766971647,17.82496092542926,15.0630481900007,12.762054282600001,7.688825046994403,17.8352835182056,15.07264731500618,3.8,5.0,389.0,389.0,1049.0,1049.0,12.751988883399463,15.082532865999385,0.6,1.0,0.8363636363636363,0.9090909090909092
11,5.0,pbqs,NonSharable,20,5,1.0,1.0,1.0,1.0,1.0,1.0,1.0,1.0,0.4,0.33817387448561315,0.4618261255143869,0.3636363636363636,0.031000000000000007,0.02419912619341745,0.03780087380658256,0.035,16.22624565131963,13.577846565987773,18.874644736651486,16.064177940594398,70.73821256761961,64.60264289779602,76.87378223744321,71.51870617591312,0.004220905600232,0.003702421396112846,0.0047393898043511535,0.0043232379975961,0.0021781258008558603,0.002092903972295874,0.0022633476294158465,0.0021544190021813,0.0,0.0,0.0,0.0,0.0,0.0,0.0,0.0,0.0,0.0,0.0,0.0,0.0,0.0,0.0,0.0
11,5.0,pbqs,Sharable,20,5,1.0,1.0,1.0,1.0,1.0,1.0,1.0,1.0,0.5818181818181818,0.5199920563037949,0.6436443073325687,0.5454545454545454,0.023,0.017447109789604412,0.028552890210395587,0.025,18.92001685691764,17.693449647075788,20.146584066759495,18.48080047333,70.73821256761961,64.60264289779602,76.87378223744321,71.51870617591312,0.004196319400944,0.0035982438980436114,0.004794394903844388,0.0041621180025686,0.0028040379998855803,0.0024292548221699984,0.003178821177601162,0.0026935020032397,0.0,0.0,0.0,0.0,0.0,0.0,0.0,0.0,0.0,0.0,0.0,0.0,0.0,0.0,0.0,0.0
12,5.0,hds_full,NonSharable,20,5,1.0,1.0,1.0,1.0,1.0,1.0,1.0,1.0,0.4166666666666667,0.4166666666666667,0.4166666666666667,0.4166666666666667,0.035,0.035,0.035,0.035,10.764432134329704,8.587457420959714,12.941406847699694,10.759618496157067,75.79612365719527,68.42464203929491,83.16760527509562,78.0008714522457,0.0245835386049293,0.013757844991987546,0.03540923221787105,0.0242237250022299,0.023832049001066436,0.013063101288413242,0.034600996713719634,0.0233858950014109,0.02341270260076268,0.012710617527035206,0.03411478767449015,0.0229710879975755,6.0,6.0,123.0,123.0,544.0,544.0,0.02341270260076268,0.0375427220023993,0.0,0.0,0.4166666666666667,0.4166666666666667
12,5.0,hds_full,Sharable,20,5,1.0,1.0,1.0,1.0,1.0,1.0,1.0,1.0,0.65,0.5634291138597027,0.7365708861402973,0.6666666666666666,0.035,0.035,0.035,0.035,14.67054357947083,13.357861851560747,15.983225307380915,14.518683667126288,75.79612365719527,68.42464203929491,83.16760527509562,78.0008714522457,9.331327376598347,1.431752310286094,17.2309024429106,11.271406373998616,9.315947974399752,1.4221968478771752,17.20969910092233,11.25430586800212,9.330030272601288,1.4306057142694275,17.22945483093315,11.26998643999832,4.4,6.0,453.0,453.0,1199.0,1199.0,9.315328121200583,15.074627229001637,0.4,1.0,0.8333333333333334,0.9166666666666666
12,5.0,pbqs,NonSharable,20,5,1.0,1.0,1.0,1.0,1.0,1.0,1.0,1.0,0.3666666666666667,0.3099927182784787,0.4233406150548547,0.3333333333333333,0.029000000000000005,0.02219912619341745,0.03580087380658256,0.025,16.934060597968788,13.884994131009766,19.98312706492781,18.0509842520062,75.79612365719527,68.42464203929491,83.16760527509562,78.0008714522457,0.00485827700176736,0.004405855337768291,0.005310698665766429,0.0047820600011618,0.00238279840050378,0.0023095972565932554,0.002455999544414305,0.0024019060001592,0.0,0.0,0.0,0.0,0.0,0.0,0.0,0.0,0.0,0.0,0.0,0.0,0.0,0.0,0.0,0.0
12,5.0,pbqs,Sharable,20,5,1.0,1.0,1.0,1.0,1.0,1.0,1.0,1.0,0.5666666666666667,0.45331876989029074,0.6800145634430426,0.5,0.028999999999999998,0.02219912619341744,0.035800873806582555,0.025,19.00469472943452,17.699742122399112,20.309647336469926,19.52888111393208,75.79612365719527,68.42464203929491,83.16760527509562,78.0008714522457,0.00456511219963424,0.004124710825417016,0.005005513573851464,0.0046355929989658,0.0028911473993502397,0.0027289254993571052,0.003053369299343374,0.0028304549996391,0.0,0.0,0.0,0.0,0.0,0.0,0.0,0.0,0.0,0.0,0.0,0.0,0.0,0.0,0.0,0.0
13,5.0,hds_full,NonSharable,20,5,1.0,1.0,1.0,1.0,1.0,1.0,1.0,1.0,0.3846153846153846,0.3846153846153846,0.3846153846153846,0.3846153846153846,0.035,0.035,0.035,0.035,11.768010766715447,9.094695379410014,14.44132615402088,11.326878683548442,81.55128269278097,76.11258133943954,86.9899840461224,82.1797327309169,0.02263129679922708,0.01911359592122546,0.026148997677228697,0.0224124959931941,0.02177084879876924,0.018234300200446224,0.025307397397092257,0.0215659959976619,0.02137589459962324,0.01787062968580655,0.02488115951343993,0.0211965559974487,7.0,7.0,132.0,132.0,584.0,584.0,0.02137589459962324,0.0259224330002325,0.0,0.0,0.3846153846153846,0.3846153846153846
13,5.0,hds_full,Sharable,20,5,1.0,1.0,1.0,1.0,1.0,1.0,1.0,1.0,0.6153846153846153,0.5478469974549935,0.6829222333142371,0.6153846153846154,0.035,0.035,0.035,0.035,14.104918978516542,12.150390094593657,16.059447862439427,14.518683667126288,81.55128269278097,76.11258133943954,86.9899840461224,82.1797327309169,12.460469620998628,4.953258733048075,19.967680508949183,15.115866129999633,12.44527795239992,4.939721043103937,19.950834861695903,15.102694335000706,12.458998422999866,4.95187365200638,19.96612319399335,15.114330373002304,5.8,7.0,522.0,522.0,1359.0,1359.0,12.444627738400595,15.32579129000078,0.8,1.0,0.7846153846153847,0.8461538461538461
13,5.0,pbqs,NonSharable,20,5,1.0,1.0,1.0,1.0,1.0,1.0,1.0,1.0,0.3384615384615385,0.2861471245647496,0.39077595235832735,0.3076923076923077,0.029000000000000005,0.02219912619341745,0.03580087380658256,0.025,17.892048040657777,16.29992506544659,19.484171015868963,18.0509842520062,81.55128269278097,76.11258133943954,86.9899840461224,82.1797327309169,0.00520585039994326,0.004624578748914697,0.005787122050971823,0.0054471219991683,0.0024848763998306204,0.002426452812926469,0.0025432999867347717,0.0024987309989228,0.0,0.0,0.0,0.0,0.0,0.0,0.0,0.0,0.0,0.0,0.0,0.0,0.0,0.0,0.0,0.0
13,5.0,pbqs,Sharable,20,5,1.0,1.0,1.0,1.0,1.0,1.0,1.0,1.0,0.5384615384615385,0.403386302602295,0.6735367743207821,0.4615384615384615,0.027000000000000003,0.016611493663164327,0.03738850633683568,0.025,18.82935433657959,17.669529832900405,19.989178840258777,18.293470691700985,81.55128269278097,76.11258133943954,86.9899840461224,82.1797327309169,0.00587503460046712,0.0033395680760240866,0.008410501124910152,0.0052351460035424,0.00310707480020934,0.002994589476143038,0.0032195601242756416,0.00306686699696,0.0,0.0,0.0,0.0,0.0,0.0,0.0,0.0,0.0,0.0,0.0,0.0,0.0,0.0,0.0,0.0
14,5.0,hds_full,NonSharable,20,5,1.0,1.0,1.0,1.0,1.0,1.0,1.0,1.0,0.3571428571428571,0.3571428571428571,0.3571428571428571,0.3571428571428571,0.035,0.035,0.035,0.035,13.484684736634453,9.773911544972586,17.195457928296317,12.959888695949134,88.51304668349886,81.53857129367987,95.48752207331785,89.74289582668048,0.022911605196713883,0.017931867364810634,0.027891343028617132,0.0230068909950205,0.021855129799951044,0.017029866287983038,0.02668039331191905,0.0220702759979758,0.02144658360120952,0.01669823871077649,0.026194928491642552,0.0216475170018384,8.0,8.0,141.0,141.0,624.0,624.0,0.02144658360120952,0.0262695100027485,0.0,0.0,0.3571428571428571,0.3571428571428571
14,5.0,hds_full,Sharable,20,5,1.0,1.0,1.0,1.0,1.0,1.0,1.0,1.0,0.6,0.5206729969943487,0.6793270030056513,0.5714285714285714,0.035,0.035,0.035,0.035,16.362798117130758,14.80543686675995,17.92015936750157,16.35822286423551,88.51304668349886,81.53857129367987,95.48752207331785,89.74289582668048,10.98883407519752,3.626336656258327,18.351331494136712,15.084810395001114,10.975221190000592,3.6122212916097984,18.338221088391386,15.069800795001356,10.98733328239905,3.6248507844552886,18.34981578034281,15.08331136400011,6.2,8.0,596.0,596.0,1529.0,1529.0,10.974566512799356,15.214149797000571,0.6,1.0,0.7571428571428572,0.8571428571428571
14,5.0,pbqs,NonSharable,20,5,1.0,1.0,1.0,1.0,1.0,1.0,1.0,1.0,0.3142857142857142,0.265708044238696,0.36286338433273246,0.2857142857142857,0.029000000000000005,0.02219912619341745,0.03580087380658256,0.025,18.52934835329372,17.092434757752283,19.966261948835157,18.04858687806849,88.51304668349886,81.53857129367987,95.48752207331785,89.74289582668048,0.006100616398180081,0.005514143150810282,0.006687089645549879,0.0061789899918949,0.00267074699877408,0.0025928610706267927,0.002748632926921367,0.0026525599969318,0.0,0.0,0.0,0.0,0.0,0.0,0.0,0.0,0.0,0.0,0.0,0.0,0.0,0.0,0.0,0.0
14,5.0,pbqs,Sharable,20,5,1.0,1.0,1.0,1.0,1.0,1.0,1.0,1.0,0.5142857142857142,0.39864772966366396,0.6299236989077646,0.5,0.025,0.01622010966914917,0.03377989033085083,0.025,18.936325503243104,17.776098096090134,20.096552910396074,18.63081798524232,88.51304668349886,81.53857129367987,95.48752207331785,89.74289582668048,0.00613986379976262,0.004942709375203817,0.007337018224321422,0.0064866299981076,0.0033777620003092395,0.003203116545569667,0.003552407455048812,0.0033511510009702,0.0,0.0,0.0,0.0,0.0,0.0,0.0,0.0,0.0,0.0,0.0,0.0,0.0,0.0,0.0,0.0
15,5.0,hds_full,NonSharable,20,5,1.0,1.0,1.0,1.0,1.0,1.0,1.0,1.0,0.3333333333333333,0.3333333333333333,0.3333333333333333,0.3333333333333333,0.035,0.035,0.035,0.035,15.249984853801973,12.409691303149389,18.09027840445456,15.614079735174606,92.95813344235044,86.11936898388858,99.79689790081231,93.76904515675628,0.0236105110008793,0.01540228874818631,0.03181873325357229,0.0217737759921874,0.02231775000036574,0.014322960958866246,0.030312539041865233,0.0204000089979672,0.02186515599969422,0.013977325331643555,0.029752986667744886,0.0199637900004745,9.0,9.0,150.0,150.0,664.0,664.0,0.02186515599969422,0.0296654420017148,0.0,0.0,0.3333333333333333,0.3333333333333333
15,5.0,hds_full,Sharable,20,5,1.0,1.0,1.0,1.0,1.0,1.0,1.0,1.0,0.5866666666666667,0.5174099577544289,0.6559233755789045,0.6,0.035,0.035,0.035,0.035,15.891135406726267,13.193564173219908,18.588706640232626,15.400741107171289,92.95813344235044,86.11936898388858,99.79689790081231,93.76904515675628,13.110772917600116,7.1501209496633615,19.07142488553687,15.2009188829943,13.089228360800917,7.12882488883568,19.049631832766153,15.1868582040006,13.10898002840113,7.148060036646601,19.069900020155657,15.199141616994892,7.8,9.0,675.0,675.0,1709.0,1709.0,13.088531499200325,15.417804053002328,0.8,1.0,0.7466666666666667,0.8
15,5.0,pbqs,NonSharable,20,5,1.0,1.0,1.0,1.0,1.0,1.0,1.0,1.0,0.2933333333333333,0.24799417462278286,0.3386724920438837,0.2666666666666666,0.033,0.027447109789604414,0.03855289021039559,0.035,18.25183340172717,17.253383908947814,19.250282894506523,18.04858687806849,92.95813344235044,86.11936898388858,99.79689790081231,93.76904515675628,0.0067128521994162995,0.005267839689298352,0.008157864709534248,0.0063980580016504,0.0029417366000415598,0.00245133431922452,0.0034321388808585995,0.0027641960004984,0.0,0.0,0.0,0.0,0.0,0.0,0.0,0.0,0.0,0.0,0.0,0.0,0.0,0.0,0.0,0.0
15,5.0,pbqs,Sharable,20,5,1.0,1.0,1.0,1.0,1.0,1.0,1.0,1.0,0.49333333333333335,0.3822755291254216,0.6043911375412451,0.5333333333333333,0.028999999999999998,0.01789421957920883,0.040105780420791166,0.025,19.128220564905643,18.042438137611523,20.214002992199763,19.291557900663584,92.95813344235044,86.11936898388858,99.79689790081231,93.76904515675628,0.00675049299825328,0.005630074487940915,0.007870911508565646,0.006560049001564,0.003932980999525121,0.0034203659427121864,0.004445596056338055,0.003957012999308,0.0,0.0,0.0,0.0,0.0,0.0,0.0,0.0,0.0,0.0,0.0,0.0,0.0,0.0,0.0,0.0
16,5.0,hds_full,NonSharable,20,5,1.0,1.0,1.0,1.0,1.0,1.0,1.0,1.0,0.3125,0.3125,0.3125,0.3125,0.035,0.035,0.035,0.035,14.685403034341158,12.15444479834142,17.216361270340897,13.731082679633891,98.3058311837618,88.55725255031136,108.05440981721223,101.80221754215596,0.02549551980118846,0.020838618722918048,0.030152420879458873,0.0250870879972353,0.02404486200030072,0.0192762793427516,0.028813444657849845,0.0235342769992712,0.02360145320053558,0.01883172465332545,0.028371181747745708,0.0230747919995337,10.0,10.0,159.0,159.0,704.0,704.0,0.02360145320053558,0.0278805730013118,0.0,0.0,0.3125,0.3125
16,5.0,hds_full,Sharable,20,5,1.0,1.0,1.0,1.0,1.0,1.0,1.0,1.0,0.575,0.489989077417718,0.6600109225822819,0.5625,0.035,0.035,0.035,0.035,16.042181081936967,14.471953285501765,17.612408878372168,15.764160560358228,98.3058311837618,88.55725255031136,108.05440981721223,101.80221754215596,12.922165479797695,6.7419317378992245,19.102399221696164,15.126388429995131,12.898621706999984,6.721503535520517,19.075739878479453,15.106150783001794,12.920180307400006,6.739929335622987,19.100431279177023,15.123991821001256,9.4,10.0,759.0,759.0,1899.0,1899.0,12.897905830801028,15.150863283000945,0.8,1.0,0.7375,0.8125
16,5.0,pbqs,NonSharable,20,5,1.0,1.0,1.0,1.0,1.0,1.0,1.0,1.0,0.275,0.23249453870885906,0.317505461291141,0.25,0.037000000000000005,0.031447109789604424,0.042552890210395586,0.035,18.844203408260267,17.67277207912517,20.015634737395363,19.057219650625207,98.3058311837618,88.55725255031136,108.05440981721223,101.80221754215596,0.007000911000795839,0.00641196937652788,0.007589852625063799,0.0069548050014418,0.00299366580147756,0.0029011182846230906,0.0030862133183320296,0.0029843940028513,0.0,0.0,0.0,0.0,0.0,0.0,0.0,0.0,0.0,0.0,0.0,0.0,0.0,0.0,0.0,0.0
16,5.0,pbqs,Sharable,20,5,1.0,1.0,1.0,1.0,1.0,1.0,1.0,1.0,0.475,0.345143670789554,0.604856329210446,0.5,0.035,0.019792783862083652,0.05020721613791636,0.035,19.28827480397293,18.33832698282655,20.238222625119306,19.4601892372712,98.3058311837618,88.55725255031136,108.05440981721223,101.80221754215596,0.00825544100152906,0.006869607054585167,0.009641274948472955,0.0080893960039247,0.00425382980029092,0.0035640235889515537,0.0049436360116302865,0.0042069350020028,0.0,0.0,0.0,0.0,0.0,0.0,0.0,0.0,0.0,0.0,0.0,0.0,0.0,0.0,0.0,0.0
17,5.0,hds_full,NonSharable,20,5,1.0,1.0,1.0,1.0,1.0,1.0,1.0,1.0,0.2941176470588235,0.2941176470588235,0.2941176470588235,0.2941176470588235,0.035,0.035,0.035,0.035,15.13309436609644,13.876651707894222,16.389537024298658,15.15888727994184,103.15260408606973,95.58426176832404,110.72094640381542,105.62514108250222,0.025194469000416518,0.02006889316283026,0.030320044838002776,0.0269242969916376,0.02361651920000436,0.018637363251265658,0.02859567514874306,0.0253416880004806,0.02315308280085444,0.018260163816587887,0.028046001785120993,0.0248345530017104,11.0,11.0,168.0,168.0,744.0,744.0,0.02315308280085444,0.027452632002678,0.0,0.0,0.2941176470588235,0.2941176470588235
17,5.0,hds_full,Sharable,20,5,1.0,1.0,1.0,1.0,1.0,1.0,1.0,1.0,0.5647058823529412,0.48142854253045453,0.6479832221754278,0.5882352941176471,0.035,0.035,0.035,0.035,16.96333019764877,15.476577759758527,18.45008263553901,17.358514776844654,103.15260408606973,95.58426176832404,110.72094640381542,105.62514108250222,15.206689889798872,15.0741199514603,15.339259828137443,15.204661673986266,15.179809995000687,15.050118484430602,15.309501505570772,15.145287794999604,15.2046484564009,15.072235229713876,15.337061683087924,15.20261117699556,10.2,11.0,848.0,848.0,2099.0,2099.0,15.179088123200927,15.348831931001769,1.0,1.0,0.7294117647058823,0.7647058823529411
17,5.0,pbqs,NonSharable,20,5,1.0,1.0,1.0,1.0,1.0,1.0,1.0,1.0,0.2823529411764706,0.2496888811153201,0.3150170012376211,0.2941176470588235,0.035,0.035,0.035,0.035,19.020863666809575,18.104950015250964,19.936777318368186,19.057219650625207,103.15260408606973,95.58426176832404,110.72094640381542,105.62514108250222,0.007593172201450139,0.0071719720145986725,0.008014372388301607,0.007718624001427,0.00318147600046354,0.0029616868566267524,0.003401265144300328,0.003121268000541,0.0,0.0,0.0,0.0,0.0,0.0,0.0,0.0,0.0,0.0,0.0,0.0,0.0,0.0,0.0,0.0
17,5.0,pbqs,Sharable,20,5,1.0,1.0,1.0,1.0,1.0,1.0,1.0,1.0,0.4470588235294118,0.38173070340711074,0.5123869436517128,0.4117647058823529,0.031,0.019894219579208828,0.042105780420791175,0.025,19.406793515070525,18.672955432755742,20.14063159738531,19.549814310491843,103.15260408606973,95.58426176832404,110.72094640381542,105.62514108250222,0.00917567760261588,0.006742322226475065,0.011609032978756694,0.0091527080039668,0.00450531900132766,0.002779633234809769,0.006231004767845551,0.0039272780013561,0.0,0.0,0.0,0.0,0.0,0.0,0.0,0.0,0.0,0.0,0.0,0.0,0.0,0.0,0.0,0.0
18,5.0,hds_full,NonSharable,20,5,1.0,1.0,1.0,1.0,1.0,1.0,1.0,1.0,0.2777777777777778,0.2777777777777778,0.2777777777777778,0.2777777777777778,0.035,0.035,0.035,0.035,15.741221893375771,14.095980764283587,17.386463022467957,16.08487487101887,107.01334211742733,98.9307479371239,115.09593629773076,109.8802188804514,0.0247701357962796,0.02144485107420234,0.02809542051835686,0.0246618249984749,0.02307457619972408,0.01999502567531706,0.026154126724131102,0.0230777869983285,0.02263175280022546,0.019616458440402558,0.025647047160048363,0.0226529350002238,12.0,12.0,177.0,177.0,784.0,784.0,0.02263175280022546,0.0257489649993658,0.0,0.0,0.2777777777777778,0.2777777777777778
18,5.0,hds_full,Sharable,20,5,0.8,0.24471097896044136,1.3552890210395587,1.0,0.8,0.24471097896044136,1.3552890210395587,1.0,0.5444444444444445,0.48673052035091297,0.6021583685379761,0.5555555555555556,0.035,0.035,0.035,0.035,16.454140633308658,15.464042783181968,17.44423848343535,16.63970810347915,105.2596510775531,95.71297621502599,114.80632594008021,105.28084106952178,15.23097355079808,15.161453266935185,15.300493834660974,15.260783335994349,15.203624642400246,15.134465409844994,15.272783874955499,15.216900327002804,15.228631039202446,15.159056286587292,15.2982057918176,15.25820283300709,11.4,12.0,942.0,942.0,2309.0,2309.0,15.202866694000841,15.254371513001388,1.0,1.0,0.711111111111111,0.7777777777777778
18,5.0,pbqs,NonSharable,20,5,1.0,1.0,1.0,1.0,1.0,1.0,1.0,1.0,0.2666666666666667,0.23581727660891344,0.29751605672442,0.2777777777777778,0.035,0.035,0.035,0.035,19.256861923066616,18.39664424753216,20.117079598601073,19.35335739797065,107.01334211742733,98.9307479371239,115.09593629773076,109.8802188804514,0.00808345379919044,0.007829740336063021,0.00833716726231786,0.0080839289985306,0.00325809380010464,0.003142244628093559,0.0033739429721157213,0.0032461949995195,0.0,0.0,0.0,0.0,0.0,0.0,0.0,0.0,0.0,0.0,0.0,0.0,0.0,0.0,0.0,0.0
18,5.0,pbqs,Sharable,20,5,1.0,1.0,1.0,1.0,1.0,1.0,1.0,1.0,0.4333333333333334,0.35776806881574946,0.5088985978509174,0.3888888888888889,0.031,0.019894219579208828,0.042105780420791175,0.025,19.443004869359463,18.697490542180816,20.18851919653811,19.549814310491843,107.01334211742733,98.9307479371239,115.09593629773076,109.8802188804514,0.00976774599839694,0.007760466808163014,0.011775025188630866,0.0094136770021577,0.0042656803998397195,0.003903259367002093,0.004628101432677346,0.0042091489995073,0.0,0.0,0.0,0.0,0.0,0.0,0.0,0.0,0.0,0.0,0.0,0.0,0.0,0.0,0.0,0.0
19,5.0,hds_full,NonSharable,20,5,1.0,1.0,1.0,1.0,1.0,1.0,1.0,1.0,0.2631578947368421,0.2631578947368421,0.2631578947368421,0.2631578947368421,0.035,0.035,0.035,0.035,16.528675817261323,14.827717022762686,18.229634611759963,16.884271250835386,111.48311838156783,104.35806600766644,118.60817075546923,111.61229332846466,0.026563350595097242,0.016978397371768286,0.036148303818426195,0.023985346993868,0.0246525957998528,0.015402457956518342,0.03390273364318726,0.022252708000451,0.024207096199097538,0.014947078640171585,0.03346711375802349,0.0217498589991009,13.0,13.0,186.0,186.0,824.0,824.0,0.024207096199097538,0.0374235499984934,0.0,0.0,0.2631578947368421,0.2631578947368421
19,5.0,hds_full,Sharable,20,5,0.8,0.24471097896044136,1.3552890210395587,1.0,0.8,0.24471097896044136,1.3552890210395587,1.0,0.5473684210526316,0.48891694515373063,0.6058198969515326,0.5789473684210527,0.035,0.035,0.035,0.035,17.259058272849263,16.06403793231504,18.454078613383487,17.230398341424756,109.6066757832537,102.41429730270005,116.79905426380736,109.75542401341232,15.216047185798379,15.181328769032108,15.25076560256465,15.210727656998642,15.181330173400056,15.159432616921642,15.20322772987847,15.185244672000408,15.213608530000055,15.178965592860207,15.248251467139903,15.208471625006496,12.6,13.0,1041.0,1041.0,2529.0,2529.0,15.180510811199929,15.204729883000256,1.0,1.0,0.7157894736842105,0.7894736842105263
19,5.0,pbqs,NonSharable,20,5,1.0,1.0,1.0,1.0,1.0,1.0,1.0,1.0,0.2526315789473684,0.22340584099791788,0.28185731689681887,0.2631578947368421,0.035,0.035,0.035,0.035,19.255345413253544,18.39822949463294,20.112461331874147,19.35335739797065,111.48311838156783,104.35806600766644,118.60817075546923,111.61229332846466,0.00910232820024242,0.008421372342999426,0.009783284057485414,0.009011564998218,0.00362786280020368,0.003097785502575122,0.004157940097832238,0.0034945539991895,0.0,0.0,0.0,0.0,0.0,0.0,0.0,0.0,0.0,0.0,0.0,0.0,0.0,0.0,0.0,0.0
19,5.0,pbqs,Sharable,20,5,1.0,1.0,1.0,1.0,1.0,1.0,1.0,1.0,0.42105263157894723,0.35570189483138076,0.4864033683265137,0.4210526315789473,0.031,0.019894219579208828,0.042105780420791175,0.025,19.304748957445,18.662162875042398,19.9473350398476,19.549016313542428,111.48311838156783,104.35806600766644,118.60817075546923,111.61229332846466,0.0104311299990513,0.007644651246475356,0.013217608751627245,0.0103371840014006,0.0043181541994272,0.00404825931460621,0.0045880490842481894,0.0043111099985253,0.0,0.0,0.0,0.0,0.0,0.0,0.0,0.0,0.0,0.0,0.0,0.0,0.0,0.0,0.0,0.0
20,5.0,hds_full,NonSharable,20,5,1.0,1.0,1.0,1.0,1.0,1.0,1.0,1.0,0.25,0.25,0.25,0.25,0.035,0.035,0.035,0.035,16.962835195140393,15.505892307252159,18.419778083028625,17.441074274992513,116.97744119792841,110.10902747018953,123.8458549256673,116.67672409818996,0.024114182601624602,0.022748840162011254,0.02547952504123795,0.0236922960066294,0.022096249400783523,0.020643784055217166,0.02354871474634988,0.0217100199988635,0.0216760432005685,0.020216320564103676,0.02313576583703332,0.0212819830012449,14.0,14.0,195.0,195.0,864.0,864.0,0.0216760432005685,0.0233729860010498,0.0,0.0,0.25,0.25
20,5.0,hds_full,Sharable,20,5,0.8,0.24471097896044136,1.3552890210395587,1.0,0.8,0.24471097896044136,1.3552890210395587,1.0,0.54,0.47199126193417446,0.6080087380658256,0.55,0.035,0.035,0.035,0.035,17.475143660483987,14.81670941147664,20.133577909491333,17.19996828850426,115.0647251243881,108.61908392763021,121.510366321146,114.92253469909616,15.221325604601589,15.158729463977396,15.283921745225781,15.241159261993744,15.193859352599247,15.137331968940202,15.250386736258292,15.207331442998113,15.218767725398356,15.156423817171847,15.281111633624866,15.23866790399552,14.4,19.0,1145.0,1145.0,2759.0,2759.0,15.193043565600238,15.246165443000791,1.0,1.0,0.68,0.7
20,5.0,pbqs,NonSharable,20,5,1.0,1.0,1.0,1.0,1.0,1.0,1.0,1.0,0.24,0.21223554894802205,0.26776445105197794,0.25,0.035,0.035,0.035,0.035,19.365090061360736,18.451163668137486,20.279016454583985,19.421428188236444,116.97744119792841,110.10902747018953,123.8458549256673,116.67672409818996,0.00960955839764208,0.008800141716050555,0.010418975079233605,0.0096542059909552,0.00362468599923882,0.003445655149895931,0.003803716848581709,0.0035973869998997,0.0,0.0,0.0,0.0,0.0,0.0,0.0,0.0,0.0,0.0,0.0,0.0,0.0,0.0,0.0,0.0
20,5.0,pbqs,Sharable,20,5,0.8,0.24471097896044136,1.3552890210395587,1.0,0.8,0.24471097896044136,1.3552890210395587,1.0,0.41,0.3290534107645648,0.49094658923543516,0.4,0.03,0.014087768473581466,0.04591223152641853,0.025,19.562897810560376,19.2480323412168,19.877763279903952,19.549415312017135,115.0647251243881,108.61908392763021,121.510366321146,114.92253469909616,0.011422808604402179,0.009034024220767257,0.013811592988037101,0.010829378003109,0.00443541319982608,0.004245463248425987,0.0046253631512261735,0.0045217730003059,0.0,0.0,0.0,0.0,0.0,0.0,0.0,0.0,0.0,0.0,0.0,0.0,0.0,0.0,0.0,0.0
