topology,node_count,family,workflow_size,deadline_factor,candidate_count,sharing,paired_sample_size,provisioning_cost_improvement_pct_mean,provisioning_cost_improvement_pct_ci95_low,provisioning_cost_improvement_pct_ci95_high,end_to_end_delay_s_improvement_pct_mean,end_to_end_delay_s_improvement_pct_ci95_low,end_to_end_delay_s_improvement_pct_ci95_high,network_data_mb_improvement_pct_mean,network_data_mb_improvement_pct_ci95_low,network_data_mb_improvement_pct_ci95_high,resource_utilization_improvement_pct_mean,resource_utilization_improvement_pct_ci95_low,resource_utilization_improvement_pct_ci95_high,cpu_utilization_improvement_pct_mean,cpu_utilization_improvement_pct_ci95_low,cpu_utilization_improvement_pct_ci95_high,ram_utilization_improvement_pct_mean,ram_utilization_improvement_pct_ci95_low,ram_utilization_improvement_pct_ci95_high,max_link_bandwidth_utilization_improvement_pct_mean,max_link_bandwidth_utilization_improvement_pct_ci95_low,max_link_bandwidth_utilization_improvement_pct_ci95_high,workflow_deadline_success_improvement_pct_mean,workflow_deadline_success_improvement_pct_ci95_low,workflow_deadline_success_improvement_pct_ci95_high,workflow_completed_improvement_pct_mean,workflow_completed_improvement_pct_ci95_low,workflow_completed_improvement_pct_ci95_high,global_deadline_success_improvement_pct_mean,global_deadline_success_improvement_pct_ci95_low,global_deadline_success_improvement_pct_ci95_high,sfc_subdeadline_success_improvement_pct_mean,sfc_subdeadline_success_improvement_pct_ci95_low,sfc_subdeadline_success_improvement_pct_ci95_high
large,25,cybershake,600,3.0,25,NonSharable,5,15.439990739926007,7.780120517477484,23.09986096237453,8.988021224161193,7.554761126572496,10.42128132174989,5.651418335427793,3.385406908474285,7.917429762381301,9.432930600482914,6.706234955236413,12.159626245729411,6.363259981794397,3.555916616618366,9.170603346970431,11.167810583083583,8.453334704180305,13.88228646198686,-23.76060496996512,-45.500599235049094,-2.0206107048811432,0.0,0.0,0.0,0.0,0.0,0.0,0.0,0.0,0.0,0.0,0.0,0.0
large,25,cybershake,600,3.0,25,Sharable,5,-41.23111422995189,-43.78936663907932,-38.672861820824465,31.179348387642825,29.11714079883585,33.241555976449796,-37.138087461620515,-41.499719340901265,-32.776455582339764,-33.80722299448967,-35.060973698960275,-32.553472290019066,-35.34468376549821,-36.872338936117565,-33.817028594878856,-32.93863168789765,-34.070631919036025,-31.80663145675927,-128.1525820489388,-164.06331185117207,-92.24185224670552,0.0,0.0,0.0,0.0,0.0,0.0,0.0,0.0,0.0,0.0,0.0,0.0
large,25,epigenomics,600,3.0,25,NonSharable,5,16.924337515419893,14.904550457316867,18.94412457352292,5.541259952307263,3.11463971885615,7.967880185758375,17.379762936489612,11.46280574788341,23.29672012509581,13.196887483247062,10.523824402339,15.869950564155124,11.187260972163951,8.585420314677274,13.789101629650625,14.27459523974908,11.42685459949445,17.122335880003707,-36.97266953633806,-52.52553137288197,-21.419807699794138,0.0,0.0,0.0,0.0,0.0,0.0,0.0,0.0,0.0,0.0,0.0,0.0
large,25,epigenomics,600,3.0,25,Sharable,5,-7.625852833268276,-13.92790987476586,-1.3237957917706922,11.76833896849684,9.910317137381114,13.626360799612566,0.3641009172033701,-9.7928612130859,10.521063047492639,-11.072960710948701,-13.412271291366626,-8.733650130530773,-12.672470277951145,-15.3241086163348,-10.02083193956749,-10.215931687668379,-12.458385249162774,-7.973478126173988,-54.999489465029534,-78.44953107137852,-31.549447858680548,0.0,0.0,0.0,0.0,0.0,0.0,0.0,0.0,0.0,0.0,0.0,0.0
large,25,inspiral,600,3.0,25,NonSharable,5,24.06796004931543,19.29042689649861,28.84549320213226,13.908599919563907,11.707804386542536,16.10939545258528,17.94513652143611,15.37682532204144,20.513447720830776,17.102846462078638,14.21392003243435,19.991772891722924,12.931072773283734,10.734193248531682,15.127952298035787,19.49285491877506,16.159626754631315,22.826083082918803,-21.73174264617763,-48.941991566331914,5.478506273976656,0.0,0.0,0.0,0.0,0.0,0.0,0.0,0.0,0.0,0.0,0.0,0.0
large,25,inspiral,600,3.0,25,Sharable,5,-1.461315626729164,-8.20046740446122,5.277836151002891,25.125101916024406,24.415592312201106,25.834611519847705,1.9213663642769832,-3.422499230215108,7.265231958769075,-12.439387301919341,-15.542818106517174,-9.335956497321504,-15.811088124640452,-18.578524740193156,-13.043651509087749,-10.507714643518273,-13.824255736667215,-7.1911735503693315,-79.61335452721093,-106.26877826556542,-52.95793078885647,0.0,0.0,0.0,0.0,0.0,0.0,0.0,0.0,0.0,0.0,0.0,0.0
large,25,montage,600,3.0,25,NonSharable,5,20.4719398116423,15.412383959400604,25.531495663883998,11.10257548114205,5.856654606610742,16.34849635567336,5.6664450475403445,2.5887987677705273,8.744091327310164,11.053671590018965,6.26054549708962,15.84679768294831,7.513939522836722,4.037137386475825,10.990741659197619,13.060877311346676,7.458757623970958,18.662996998722395,-38.065289200587316,-52.00356314625166,-24.127015254922973,0.0,0.0,0.0,0.0,0.0,0.0,0.0,0.0,0.0,0.0,0.0,0.0
large,25,montage,600,3.0,25,Sharable,5,-42.27338584336555,-46.94339321456757,-37.60337847216355,35.59673985253535,31.933983830982065,39.25949587408862,-44.61731273906773,-45.80079145706271,-43.433834021072734,-35.934419885128946,-36.97993456893517,-34.88890520132272,-37.63415843414593,-39.52631007031642,-35.74200679797543,-34.96953430416224,-35.632099486229905,-34.30696912209457,-149.77653924733104,-226.44542064365788,-73.10765785100419,0.0,0.0,0.0,0.0,0.0,0.0,0.0,0.0,0.0,0.0,0.0,0.0
large_plus,30,cybershake,700,3.0,30,NonSharable,5,16.453459163774983,13.106413648039737,19.80050467951023,10.249385198589255,8.6146073093483,11.884163087830212,5.941219877504101,4.295460095445486,7.586979659562718,9.939555822702992,5.234805072875254,14.64430657253073,6.6285393320515595,2.004996377335006,11.252082286768117,11.81881584177017,7.105661583859868,16.531970099680475,-28.835172606118352,-48.88752049876001,-8.782824713476689,0.0,0.0,0.0,0.0,0.0,0.0,0.0,0.0,0.0,0.0,0.0,0.0
large_plus,30,cybershake,700,3.0,30,Sharable,5,-41.02245840608971,-51.03495704770825,-31.009959764471162,33.309828637322425,30.121407352945177,36.498249921699674,-33.1033599171861,-35.726080423184655,-30.480639411187543,-33.9386970879355,-35.72836091189052,-32.149033263980485,-35.65845677929781,-37.53318184047227,-33.78373171812335,-32.96112938172248,-34.70002271155569,-31.222236051889283,-124.5511585259402,-154.67243620982617,-94.42988084205423,0.0,0.0,0.0,0.0,0.0,0.0,0.0,0.0,0.0,0.0,0.0,0.0
large_plus,30,epigenomics,700,3.0,30,NonSharable,5,17.480053812225897,14.645455716097775,20.31465190835402,5.800374643553022,4.315099259375425,7.285650027730619,15.775937803362046,11.009729617729473,20.54214598899462,14.82188811364278,11.50996029507838,18.133815932207177,12.611971076283787,9.640679497297263,15.583262655270307,16.011471822731043,12.51407988528627,19.508863760175817,-40.65883232512611,-69.3385459447907,-11.979118705461524,0.0,0.0,0.0,0.0,0.0,0.0,0.0,0.0,0.0,0.0,0.0,0.0
large_plus,30,epigenomics,700,3.0,30,Sharable,5,-4.774329995383719,-8.907616036749921,-0.6410439540175172,11.500444609645173,10.705301750308266,12.295587468982081,1.4818507449620757,-6.9078549404783125,9.871556430402464,-10.49831171829141,-14.003341443464613,-6.993281993118202,-12.20947367770648,-15.414729780849392,-9.004217574563569,-9.5774805721835,-13.262166899907802,-5.892794244459198,-62.69108679739914,-75.2748683662563,-50.107305228541954,0.0,0.0,0.0,0.0,0.0,0.0,0.0,0.0,0.0,0.0,0.0,0.0
large_plus,30,inspiral,700,3.0,30,NonSharable,5,27.72225827172749,22.244397411585865,33.200119131869116,14.686361928052975,11.687718969046266,17.685004887059677,18.279220048201218,16.021834296480275,20.53660579992216,21.478026664068352,16.38298814487339,26.57306518326332,16.723254293605464,12.061829265095428,21.384679322115502,24.19555641534168,18.662469056658768,29.728643774024594,-43.496931969293215,-56.513006237982765,-30.480857700603664,0.0,0.0,0.0,0.0,0.0,0.0,0.0,0.0,0.0,0.0,0.0,0.0
large_plus,30,inspiral,700,3.0,30,Sharable,5,0.8607241588382604,-3.777676938882741,5.499125256559261,24.632157550861535,21.535491986462347,27.728823115260724,1.7830535805786145,-1.9077229685032628,5.473830129660491,-10.90973363148441,-14.821144022385772,-6.998323240583046,-14.183847910857548,-18.248396261564906,-10.119299560150191,-9.041996776557728,-12.93448451315965,-5.149509039955805,-95.4853332610905,-147.41312347817473,-43.55754304400631,0.0,0.0,0.0,0.0,0.0,0.0,0.0,0.0,0.0,0.0,0.0,0.0
large_plus,30,montage,700,3.0,30,NonSharable,5,20.03938250768536,18.417587128798356,21.661177886572364,10.931214427871476,9.171257299188902,12.691171556554053,4.349968593775342,3.188481117049835,5.5114560705008495,11.148208820673265,8.336879524756945,13.959538116589584,7.476042561647804,5.452148968352443,9.499936154943164,13.240091018473246,9.778540215197054,16.701641821749437,-26.174189582622496,-56.75106275913954,4.4026835938945545,0.0,0.0,0.0,0.0,0.0,0.0,0.0,0.0,0.0,0.0,0.0,0.0
large_plus,30,montage,700,3.0,30,Sharable,5,-47.325605968723,-52.87384924861685,-41.77736268882916,35.16798098398429,32.341549605275745,37.99441236269284,-42.73564860494179,-48.18521976519298,-37.28607744469059,-35.18299577697172,-36.19511375297954,-34.17087780096391,-36.94766802130656,-37.80045142831204,-36.09488461430109,-34.17524146798992,-35.384617042860484,-32.96586589311936,-118.56361762232015,-180.03957390774335,-57.087661336896964,0.0,0.0,0.0,0.0,0.0,0.0,0.0,0.0,0.0,0.0,0.0,0.0
medium,12,cybershake,300,3.0,12,NonSharable,5,15.973754094970673,8.657469237346223,23.290038952595122,8.883430864189481,6.8992422013293275,10.867619527049635,5.4449376722600284,3.9876372524331565,6.9022380920869,8.865380555668613,4.2459011159070625,13.484859995430163,6.24685111895341,2.0756479748163583,10.418054263090461,10.372040548003064,5.473329981538403,15.270751114467725,-40.78959498966649,-79.11008225529608,-2.4691077240369026,0.0,0.0,0.0,0.0,0.0,0.0,0.0,0.0,0.0,0.0,0.0,0.0
medium,12,cybershake,300,3.0,12,Sharable,5,-43.52887571365832,-61.868331470385755,-25.18941995693089,30.808638954821173,28.13033508736263,33.486942822279715,-38.078154797898165,-43.78511533418439,-32.37119426161194,-34.12867393171219,-36.83940369401587,-31.417944169408514,-35.62137605995039,-38.3039234614914,-32.938828658409385,-33.268408007567416,-36.05255755195642,-30.484258463178413,-153.48225258823723,-220.40702516236792,-86.55748001410656,0.0,0.0,0.0,0.0,0.0,0.0,0.0,0.0,0.0,0.0,0.0,0.0
medium,12,epigenomics,300,3.0,12,NonSharable,5,12.897520542082043,8.466140419260782,17.328900664903305,6.912737925610901,5.45976586081875,8.365709990403051,14.167410319042437,7.168283737942375,21.1665369001425,15.039358898556586,5.493053009494879,24.585664787618285,12.948788307055967,3.481354939272663,22.41622167483927,16.177318535020643,6.530547183405837,25.82408988663545,-41.57311154570175,-55.19210813179255,-27.954114959610948,0.0,0.0,0.0,0.0,0.0,0.0,0.0,0.0,0.0,0.0,0.0,0.0
medium,12,epigenomics,300,3.0,12,Sharable,5,-10.525138059596896,-15.539031896903072,-5.51124422229072,12.683563923708688,11.781954603337407,13.585173244079968,-1.7521961049901544,-9.597768898568253,6.093376688587945,-12.241660617157068,-16.467093241338233,-8.016227992975905,-13.863722339639926,-18.00109331801049,-9.726351361269364,-11.359401860752183,-15.68955880785569,-7.029244913648676,-63.13034139006142,-89.56587665798533,-36.69480612213751,0.0,0.0,0.0,0.0,0.0,0.0,0.0,0.0,0.0,0.0,0.0,0.0
medium,12,inspiral,300,3.0,12,NonSharable,5,25.733686603251822,13.910829196870337,37.556544009633306,14.838664234994843,10.64575720379851,19.031571266191175,19.90050696597289,13.548241121267662,26.25277281067812,20.35802729769058,17.043586516503154,23.672468078878005,15.811742812206727,12.677811435397121,18.945674189016334,23.02318324951646,19.025541454328234,27.020825044704686,-27.250944688841237,-44.359762769451336,-10.142126608231134,0.0,0.0,0.0,0.0,0.0,0.0,0.0,0.0,0.0,0.0,0.0,0.0
medium,12,inspiral,300,3.0,12,Sharable,5,-2.601141828944269,-13.802647916779762,8.600364258891222,24.31879547385581,19.97856052033278,28.65903042737884,4.766170472471748,-1.2588198657130656,10.79116081065656,-9.725136334914595,-12.113328597172384,-7.33694407265681,-13.097447773536643,-15.930449695259556,-10.264445851813731,-7.747374215451951,-10.248467572243207,-5.246280858660695,-91.7678627314991,-129.8339059624179,-53.701819500580285,0.0,0.0,0.0,0.0,0.0,0.0,0.0,0.0,0.0,0.0,0.0,0.0
medium,12,montage,300,3.0,12,NonSharable,5,15.160951561423142,-0.4273833618407963,30.749286484687083,8.78659693184268,7.717605723531102,9.855588140154255,5.549818177015161,3.149404831813376,7.9502315222169475,7.283024837569654,-0.609563214250489,15.175612889389797,4.222388464609802,-2.9623657704136903,11.407142699633294,9.056154046388269,0.6339861291280968,17.47832196364844,-45.84766406223139,-49.873359160452914,-41.82196896400986,0.0,0.0,0.0,0.0,0.0,0.0,0.0,0.0,0.0,0.0,0.0,0.0
medium,12,montage,300,3.0,12,Sharable,5,-46.0774722556019,-58.13103899970329,-34.0239055115005,35.74616385362155,33.78710988465267,37.705217822590434,-41.180505263499505,-45.545944868201474,-36.815065658797536,-36.96166081873931,-40.56979464500012,-33.353526992478486,-38.82634589779037,-42.548522985313966,-35.104168810266756,-35.88576782289702,-39.489328148532884,-32.28220749726116,-188.0759113195947,-267.02073859250675,-109.13108404668267,0.0,0.0,0.0,0.0,0.0,0.0,0.0,0.0,0.0,0.0,0.0,0.0
medium_plus,18,cybershake,450,3.0,18,NonSharable,5,15.704792828556327,9.428529192702403,21.98105646441026,11.29410778715054,8.383332807330492,14.20488276697059,5.526908685511261,1.8791855013365564,9.174631869685966,9.831074079377379,7.404767586934878,12.25738057181988,7.097384976959492,4.443238300323586,9.751531653595398,11.39300114090258,9.020070215381267,13.765932066423897,-46.107142406060746,-68.2482653208665,-23.966019491255018,0.0,0.0,0.0,0.0,0.0,0.0,0.0,0.0,0.0,0.0,0.0,0.0
medium_plus,18,cybershake,450,3.0,18,Sharable,5,-41.151004187069766,-57.30632750044661,-24.995680873692923,32.657266629155856,27.937610908480167,37.376922349831545,-35.0753972756951,-46.80472617048524,-23.346068380904967,-34.78312431062291,-36.89503394691097,-32.67121467433485,-36.508476176837235,-38.50313131862151,-34.513821035052956,-33.797683534033055,-35.98676291544028,-31.608604152625844,-125.04215388970893,-168.2451685309452,-81.83913924847266,0.0,0.0,0.0,0.0,0.0,0.0,0.0,0.0,0.0,0.0,0.0,0.0
medium_plus,18,epigenomics,450,3.0,18,NonSharable,5,14.828521763385444,3.8062713076941304,25.85077221907676,6.8503514232507445,5.744487183432598,7.956215663068891,16.13889588438955,7.442380969765221,24.835410799013882,13.45355709158294,6.430346172422788,20.476768010743093,10.954911402924413,4.670943524131727,17.2388792817171,14.817236384755313,7.330394500781995,22.30407826872863,-27.022949361771587,-34.89648922144773,-19.149409502095445,0.0,0.0,0.0,0.0,0.0,0.0,0.0,0.0,0.0,0.0,0.0,0.0
medium_plus,18,epigenomics,450,3.0,18,Sharable,5,-9.85992440657933,-16.795057712226093,-2.9247911009325653,12.933515373484331,10.54006599228381,15.326964754684854,0.40250175563699314,-17.764191182197976,18.569194693471964,-13.95289426873785,-19.655851387263244,-8.249937150212464,-15.960589458545666,-21.832229288714704,-10.088949628376625,-12.85805221558295,-18.5099587715976,-7.2061456595683,-63.79956896832584,-106.09740290646319,-21.5017350301885,0.0,0.0,0.0,0.0,0.0,0.0,0.0,0.0,0.0,0.0,0.0,0.0
medium_plus,18,inspiral,450,3.0,18,NonSharable,5,28.42786464564302,23.222642256696616,33.63308703458942,15.460886666970671,11.378809885365238,19.542963448576103,19.308400548569907,16.303165185632018,22.313635911507788,22.988285158855525,15.660071106678497,30.316499211032554,18.095384282734816,11.375192448011568,24.815576117458058,25.825744809250146,17.953143626388382,33.69834599211191,-28.337683003129307,-69.60407924797923,12.928713241720601,0.0,0.0,0.0,0.0,0.0,0.0,0.0,0.0,0.0,0.0,0.0,0.0
medium_plus,18,inspiral,450,3.0,18,Sharable,5,2.0439018190927225,-7.146928160053882,11.234731798239327,24.346085563589742,19.842313872958155,28.84985725422133,4.334788423299369,-1.155160409979433,9.824737256578171,-8.607343142608793,-13.005734755048074,-4.208951530169512,-12.054952446028636,-15.243933726007688,-8.865971166049585,-6.6072848333392304,-11.792291496510302,-1.422278170168159,-81.82253250645688,-132.06133615886432,-31.583728854049447,0.0,0.0,0.0,0.0,0.0,0.0,0.0,0.0,0.0,0.0,0.0,0.0
medium_plus,18,montage,450,3.0,18,NonSharable,5,20.752006292062127,12.397114624075455,29.106897960048805,11.471669362194827,9.257770498013592,13.685568226376063,4.623264163475126,2.6674581376059265,6.579070189344325,11.545875979524201,4.472388808149185,18.61936315089922,8.317917533348545,2.383771159102918,14.252063907594174,13.401152371971046,5.6097993591270905,21.192505384815,-46.69913661729089,-65.691506350255,-27.706766884326782,0.0,0.0,0.0,0.0,0.0,0.0,0.0,0.0,0.0,0.0,0.0,0.0
medium_plus,18,montage,450,3.0,18,Sharable,5,-42.367524956371,-52.14292766526993,-32.59212224747208,34.348761356781026,31.723157699060703,36.974365014501345,-42.939900950728415,-45.93372957367534,-39.946072327781486,-34.24698961575103,-36.190378161150555,-32.30360107035151,-35.798771079564176,-38.16399328519798,-33.43354887393037,-33.35451374245061,-35.127090357682555,-31.58193712721866,-137.96022875052995,-236.60603576806503,-39.31442173299487,0.0,0.0,0.0,0.0,0.0,0.0,0.0,0.0,0.0,0.0,0.0,0.0
small,5,cybershake,100,3.0,5,NonSharable,5,4.263299663299661,-6.387423472073111,14.914022798672436,2.867752828690879,1.2733819890082037,4.462123668373553,2.412369977333888,-5.654734515761872,10.479474470429649,4.9988801467438915,-4.987646015996527,14.98540630948431,3.4666143199234276,-5.435542598232776,12.368771238079631,5.879721857897827,-4.8012298945742415,16.560673610369896,-19.020658118759272,-36.92901145061768,-1.1123047869008609,0.0,0.0,0.0,0.0,0.0,0.0,0.0,0.0,0.0,0.0,0.0,0.0
small,5,cybershake,100,3.0,5,Sharable,5,-20.385964912280706,-35.16615982697448,-5.605769997586936,26.669048461182133,23.110802171151505,30.22729475121276,-27.78048512630562,-53.11774981427012,-2.443220438341122,-21.47915286005486,-28.73012995550959,-14.228175764600131,-22.95040711014903,-30.009442984923417,-15.891371235374642,-20.65688844455111,-27.95612731427605,-13.357649574826173,-169.92264723434852,-225.39579600051923,-114.44949846817781,0.0,0.0,0.0,0.0,0.0,0.0,0.0,0.0,0.0,0.0,0.0,0.0
small,5,epigenomics,100,3.0,5,NonSharable,5,15.088060731538992,2.5413721976621026,27.63474926541588,5.458835855081583,3.104735423806196,7.81293628635697,14.473658152124974,-7.9149279700459,36.86224427429585,10.867377016530153,2.264453382978715,19.47030065008159,8.554347425251393,-0.9851024883924069,18.093797338895197,12.168121277978209,4.0631581957054195,20.273084360251,-3.6208973765025574,-27.828956065553804,20.587161312548687,0.0,0.0,0.0,0.0,0.0,0.0,0.0,0.0,0.0,0.0,0.0,0.0
small,5,epigenomics,100,3.0,5,Sharable,5,-9.30555555555556,-29.523824287097554,10.912713175986433,11.50281089300983,6.441524482992122,16.564097303027534,4.247534890629147,-12.499903973613918,20.994973754872213,-18.87271796271155,-26.13896508944138,-11.606470835981721,-20.843441554203707,-28.018209606529286,-13.668673501878128,-17.784306586603,-25.238833180897913,-10.329779992308097,-35.384056500378264,-73.65431503715061,2.8862020363940886,0.0,0.0,0.0,0.0,0.0,0.0,0.0,0.0,0.0,0.0,0.0,0.0
small,5,inspiral,100,3.0,5,NonSharable,5,25.955934388192453,8.314211482603596,43.59765729378131,11.018024448812449,2.660451485263396,19.3755974123615,17.572102423372314,13.355401682559933,21.788803164184703,20.898359877361333,0.08210344936464509,41.71461630535803,16.864161374099286,-3.9914426159728613,37.71976536417144,23.20285393724738,2.2944376343885793,44.11127024010618,3.724710170113531,-39.35482482655847,46.804245166785535,0.0,0.0,0.0,0.0,0.0,0.0,0.0,0.0,0.0,0.0,0.0,0.0
small,5,inspiral,100,3.0,5,Sharable,5,-2.6984126984126995,-29.683398242075356,24.286572845249957,18.508385757257084,13.98259351432758,23.03417800018659,2.2572637977495154,-8.739690109313354,13.254217704812383,-9.36319325154525,-19.370463216286755,0.6440767131962559,-12.468015025906379,-23.04665308182496,-1.8893769699877971,-7.587662625431298,-17.410859809105702,2.235534558243108,-34.930259597936804,-91.73127567641393,21.870756480540322,0.0,0.0,0.0,0.0,0.0,0.0,0.0,0.0,0.0,0.0,0.0,0.0
small,5,montage,100,3.0,5,NonSharable,5,8.665667665667666,-0.9416279740078597,18.27296330534319,1.5192689064585743,0.4070990690476408,2.6314387438695075,-1.5381380418215087,-12.148648363789686,9.07237228014667,4.3674480086385215,1.1353671032411077,7.599528914035935,3.8230826641722153,-0.035319570146332246,7.681484898490763,4.718662033961236,1.7873936630204823,7.649930404901989,-16.353894202853173,-45.07735105503555,12.369562649329204,0.0,0.0,0.0,0.0,0.0,0.0,0.0,0.0,0.0,0.0,0.0,0.0
small,5,montage,100,3.0,5,Sharable,5,-15.67513368983957,-45.697379615150965,14.347112235471837,28.324997424632528,22.919333539487194,33.73066130977787,-36.22124508287806,-47.751114152738616,-24.691376013017525,-18.079940288215266,-31.41684486957955,-4.74303570685098,-18.97684317144523,-32.182739958373325,-5.77094638451713,-17.54181626340029,-31.012507491622483,-4.071125035178095,-60.956367513965176,-89.95003890817806,-31.96269611975227,0.0,0.0,0.0,0.0,0.0,0.0,0.0,0.0,0.0,0.0,0.0,0.0
small_plus,8,cybershake,200,3.0,8,NonSharable,5,12.520993852086292,10.236798798777945,14.805188905394635,7.82799638745998,4.949977442946781,10.70601533197318,6.123826549689383,2.328536921864789,9.919116177513976,8.144763176679263,0.5790743772529439,15.710451976105578,5.541568081863148,-1.356325529183529,12.439461692909825,9.668914724233993,1.4931113549130544,17.844718093554935,-48.637704376394524,-75.4433745139119,-21.83203423887714,0.0,0.0,0.0,0.0,0.0,0.0,0.0,0.0,0.0,0.0,0.0,0.0
small_plus,8,cybershake,200,3.0,8,Sharable,5,-36.544839879525476,-48.71778666896431,-24.371893090086644,30.857058891353354,25.914245677109573,35.79987210559714,-34.722457932948956,-46.84058731960607,-22.60432854629184,-31.263255343595354,-36.11876700297837,-26.40774368421234,-32.62324525739163,-37.78514469664686,-27.461345818136415,-30.476716955577057,-35.139265616960735,-25.814168294193394,-221.666311087991,-288.1749607501875,-155.15766142579452,0.0,0.0,0.0,0.0,0.0,0.0,0.0,0.0,0.0,0.0,0.0,0.0
small_plus,8,epigenomics,200,3.0,8,NonSharable,5,16.8787810823217,9.45446504358286,24.303097121060542,6.218426418555606,4.4541014844195725,7.982751352691642,15.327257074758055,5.076685147516466,25.57782900199964,15.022159229176571,6.614944625392457,23.42937383296068,12.595519897692943,4.929840207586001,20.261199587799887,16.362398048405165,7.461194312560249,25.26360178425009,-42.633199585484014,-65.46846449950502,-19.79793467146301,0.0,0.0,0.0,0.0,0.0,0.0,0.0,0.0,0.0,0.0,0.0,0.0
small_plus,8,epigenomics,200,3.0,8,Sharable,5,-18.10771125426297,-24.813289072432063,-11.402133436093882,12.566219394985675,10.663082272835199,14.46935651713615,-3.081896604478324,-20.614034589473437,14.45024138051679,-16.784903723182676,-20.770092647548356,-12.799714798817003,-18.528431626814672,-22.32504512064586,-14.731818132983479,-15.823374680515917,-19.96598581731092,-11.68076354372091,-50.90294704904265,-74.79273451903197,-27.013159579053333,0.0,0.0,0.0,0.0,0.0,0.0,0.0,0.0,0.0,0.0,0.0,0.0
small_plus,8,inspiral,200,3.0,8,NonSharable,5,22.65075305484513,5.051332698135731,40.25017341155453,17.590822311465878,10.87154510620168,24.310099516730077,19.573670131609497,14.526616808513241,24.620723454705747,16.530376386578222,4.072755906104053,28.98799686705239,11.228234581971966,2.166732710743233,20.2897364532007,19.68088466510681,5.0693434687030585,34.29242586151056,-33.99763874696673,-65.16147498530277,-2.8338025086306864,0.0,0.0,0.0,0.0,0.0,0.0,0.0,0.0,0.0,0.0,0.0,0.0
small_plus,8,inspiral,200,3.0,8,Sharable,5,2.356693873721737,-14.021276512921593,18.73466426036507,27.59751654258663,21.225416670366258,33.969616414807,5.898818171687674,-4.244503973906822,16.04214031728217,-11.785859351401767,-20.24489528372043,-3.3268234190831034,-16.10203720505415,-21.994037942682628,-10.21003646742567,-9.230859358830495,-19.29936077856308,0.8376420609020947,-121.42091986231853,-146.50571520077168,-96.33612452386538,0.0,0.0,0.0,0.0,0.0,0.0,0.0,0.0,0.0,0.0,0.0,0.0
small_plus,8,montage,200,3.0,8,NonSharable,5,16.109042569261913,5.1588536618122305,27.059231476711595,6.433735229694124,3.642967666388987,9.22450279299926,2.5251777621779605,-3.104300713990627,8.154656238346549,9.782059349520335,0.5257450002717068,19.038373698768964,8.033650723136521,-1.229447809893843,17.29674925616689,10.812588270069998,1.5156998744195747,20.109476665720422,-41.905492879379764,-67.34264565523503,-16.4683401035245,0.0,0.0,0.0,0.0,0.0,0.0,0.0,0.0,0.0,0.0,0.0,0.0
small_plus,8,montage,200,3.0,8,Sharable,5,-26.653293575494708,-39.7034486983834,-13.603138452606029,32.129922326960155,28.796336065140604,35.4635085887797,-36.94951281801544,-47.942315292107686,-25.9567103439232,-32.66416300532059,-34.43384195135708,-30.8944840592841,-34.622648650071405,-36.541926119096544,-32.703371181046265,-31.527015567450473,-33.21337637763492,-29.840654757266027,-225.1044160669791,-337.28955643684037,-112.91927569711783,0.0,0.0,0.0,0.0,0.0,0.0,0.0,0.0,0.0,0.0,0.0,0.0
xlarge,40,cybershake,800,3.0,40,NonSharable,5,14.731985310714311,9.011311207049879,20.452659414378747,9.2469616426561,6.872675200409095,11.621248084903105,5.751725808191097,4.514339491556168,6.9891121248260255,9.195087278011965,6.251275409982172,12.13889914604176,6.491644497953018,3.895115357999379,9.088173637906657,10.7162555550303,7.5576557304971566,13.874855379563442,-21.22253339119073,-50.486699614287595,8.041632831906135,0.0,0.0,0.0,0.0,0.0,0.0,0.0,0.0,0.0,0.0,0.0,0.0
xlarge,40,cybershake,800,3.0,40,Sharable,5,-38.917799492609554,-44.24967138207252,-33.5859276031466,32.65983538795641,32.09644023915062,33.223230536762195,-36.72594490811666,-44.45834415140421,-28.993545664829107,-33.38766763398545,-34.12930435602842,-32.64603091194248,-35.143317398160825,-36.292450878437045,-33.99418391788462,-32.39908023582497,-32.940759849921534,-31.857400621728402,-99.16404659080612,-117.9060157701829,-80.42207741142934,0.0,0.0,0.0,0.0,0.0,0.0,0.0,0.0,0.0,0.0,0.0,0.0
xlarge,40,epigenomics,800,3.0,40,NonSharable,5,17.389132706374088,12.673948481610815,22.10431693113736,6.843613104625911,6.122927693265457,7.5642985159863665,15.777583229006137,14.622898210488527,16.932268247523744,13.93911054216635,9.471564786226942,18.40665629810575,11.643110867144674,7.062121456616227,16.224100277673124,15.16667327031642,10.773287397882354,19.56005914275049,-41.192151526725006,-58.884934070340606,-23.49936898310942,0.0,0.0,0.0,0.0,0.0,0.0,0.0,0.0,0.0,0.0,0.0,0.0
xlarge,40,epigenomics,800,3.0,40,Sharable,5,-5.517159534803851,-8.571168058619318,-2.4631510109883834,12.91840941592562,11.86654467415395,13.97027415769729,-1.9688104314030983,-7.82797246760645,3.8903516048002547,-11.018103612679806,-12.763670153133468,-9.27253707222614,-12.812511978390734,-14.723944428061996,-10.901079528719473,-10.05836656393291,-11.725019146566668,-8.391713981299153,-76.61106653616656,-98.42252940226668,-54.799603670066446,0.0,0.0,0.0,0.0,0.0,0.0,0.0,0.0,0.0,0.0,0.0,0.0
xlarge,40,inspiral,800,3.0,40,NonSharable,5,27.260188022169046,24.515247592550843,30.005128451787236,13.803832218443508,11.986572369918925,15.621092066968092,18.874634424835595,14.39588250079763,23.35338634887356,18.9901943038946,17.482414278871392,20.497974328917817,14.886381995636976,13.87234312836301,15.900420862910941,21.324851491466475,19.418950147155922,23.23075283577702,-57.28948089360093,-68.84501489300868,-45.73394689419319,0.0,0.0,0.0,0.0,0.0,0.0,0.0,0.0,0.0,0.0,0.0,0.0
xlarge,40,inspiral,800,3.0,40,Sharable,5,-0.017914553583999227,-1.9424283166689607,1.906599209500962,23.799678702934877,21.53783344169395,26.0615239641758,2.4302007736807987,-3.276479455526591,8.136881002888188,-11.69343725138977,-13.52958542841115,-9.857289074368392,-14.763634103984113,-16.6631692703699,-12.864098937598328,-9.946966935941523,-11.839466420113483,-8.054467451769563,-113.0613128092455,-143.9421959025223,-82.18042971596873,0.0,0.0,0.0,0.0,0.0,0.0,0.0,0.0,0.0,0.0,0.0,0.0
xlarge,40,montage,800,3.0,40,NonSharable,5,17.66584491526752,14.740649994377295,20.591039836157755,10.008979579084004,8.221764140967824,11.796195017200183,4.159457518183034,2.877323034778179,5.441592001587889,10.510684738345663,5.507375121721956,15.51399435496937,7.354498530759145,2.774139956681876,11.93485710483641,12.291277687777795,6.99805691450391,17.58449846105168,-15.728580240020552,-31.71711045268183,0.25994997264072417,0.0,0.0,0.0,0.0,0.0,0.0,0.0,0.0,0.0,0.0,0.0,0.0
xlarge,40,montage,800,3.0,40,Sharable,5,-40.13516918428195,-46.48465584372711,-33.78568252483679,36.24022175700591,34.48845370314397,37.99198981086786,-43.44267024877339,-51.85570003785209,-35.02964045969469,-35.53972274008376,-37.773222579509024,-33.30622290065848,-37.38383360129198,-40.02588046420839,-34.74178673837557,-34.49702543973224,-36.5269594542627,-32.46709142520178,-151.2711423263357,-185.0916002752959,-117.45068437737554,0.0,0.0,0.0,0.0,0.0,0.0,0.0,0.0,0.0,0.0,0.0,0.0
xlarge_minus,35,cybershake,750,3.0,35,NonSharable,5,17.598548734381374,14.064902114163747,21.132195354599002,11.1010814783175,9.782683612141781,12.419479344493219,5.604013661367022,3.8580492332317093,7.349978089502333,8.987421619166813,5.548056663534755,12.426786574798871,5.4982564094126305,2.6735647769507738,8.322948041874486,10.953633855464284,7.149560512522783,14.757707198405782,-35.5931447258639,-64.13883240947932,-7.047457042248485,0.0,0.0,0.0,0.0,0.0,0.0,0.0,0.0,0.0,0.0,0.0,0.0
xlarge_minus,35,cybershake,750,3.0,35,Sharable,5,-36.22639637040892,-41.70883354004274,-30.743959200775087,32.618809246269834,30.36320141842179,34.87441707411788,-35.813696714481864,-37.21748391700503,-34.409909511958695,-33.673393981814186,-36.08901372673166,-31.257774236896733,-35.4290566931996,-37.93162646772081,-32.926486918678386,-32.68274439259871,-35.042596033220455,-30.32289275197696,-101.59331648570245,-131.72886549471943,-71.45776747668546,0.0,0.0,0.0,0.0,0.0,0.0,0.0,0.0,0.0,0.0,0.0,0.0
xlarge_minus,35,epigenomics,750,3.0,35,NonSharable,5,17.884879951541492,15.364059928557323,20.405699974525668,7.6614785521179325,4.730712101773726,10.592245002462139,16.488834834756894,12.344831489990735,20.632838179523052,12.902371240555288,8.62670745307691,17.178035028033666,10.116588621689424,6.200767593789176,14.03240964958967,14.399269708553755,9.922784874951969,18.87575454215554,-33.47102326167776,-45.46699713427513,-21.47504938908037,0.0,0.0,0.0,0.0,0.0,0.0,0.0,0.0,0.0,0.0,0.0,0.0
xlarge_minus,35,epigenomics,750,3.0,35,Sharable,5,-5.723406572463176,-8.481765595651979,-2.965047549274375,13.099096283049846,10.764997983314487,15.433194582785198,-0.7689617720653499,-6.419133117099178,4.881209572968477,-11.724970105634991,-15.59391112787416,-7.856029083395823,-13.87921923627449,-17.469464177500008,-10.288974295048973,-10.567557353628255,-14.603147052099398,-6.53196765515711,-70.4936668305855,-86.97537489254768,-54.01195876862331,0.0,0.0,0.0,0.0,0.0,0.0,0.0,0.0,0.0,0.0,0.0,0.0
xlarge_minus,35,inspiral,750,3.0,35,NonSharable,5,25.384550909937534,20.883180475868745,29.885921344006324,14.892156049080086,11.272320130584216,18.511991967575955,19.56069016248751,18.744986176148405,20.376394148826616,18.365197965081855,15.324333311117048,21.406062619046654,13.491547464352355,11.735905415160845,15.247189513543864,21.130632507212862,17.20797308619685,25.053291928228873,-30.855104200111676,-59.14137797615861,-2.568830424064725,0.0,0.0,0.0,0.0,0.0,0.0,0.0,0.0,0.0,0.0,0.0,0.0
xlarge_minus,35,inspiral,750,3.0,35,Sharable,5,-0.5562089674961157,-8.036257033018869,6.923839098026637,24.548601890985456,21.09086168280085,28.006342099170055,3.4531523811813387,1.335504995194464,5.570799767168214,-12.682671343557908,-14.879495397681923,-10.485847289433893,-16.22286264780214,-18.89245942007005,-13.553265875534226,-10.672005802006968,-12.879543498991264,-8.464468105022672,-95.12208380678075,-147.9856120478238,-42.25855556573771,0.0,0.0,0.0,0.0,0.0,0.0,0.0,0.0,0.0,0.0,0.0,0.0
xlarge_minus,35,montage,750,3.0,35,NonSharable,5,16.16427900590407,12.864962832601371,19.46359517920677,9.807079282334877,6.143637246114693,13.470521318555061,4.362798142060501,2.81943138619675,5.906164897924252,9.208243277943932,4.07269289743674,14.343793658451125,6.227689082570413,1.4073919296691235,11.0479862354717,10.897114035717085,5.491511631629789,16.302716439804385,-21.478364842867585,-45.72718687329582,2.770457187560652,0.0,0.0,0.0,0.0,0.0,0.0,0.0,0.0,0.0,0.0,0.0,0.0
xlarge_minus,35,montage,750,3.0,35,Sharable,5,-43.89283625917289,-47.73412092047772,-40.051551597868055,35.289411185362496,32.345226523540326,38.23359584718465,-43.384456358625556,-48.811830583371155,-37.95708213387996,-35.66223411921936,-37.196262141293964,-34.12820609714476,-37.38384864709174,-39.14767256347208,-35.6200247307114,-34.688903827334364,-36.12000406597546,-33.25780358869327,-122.04005407825721,-172.19417210245123,-71.8859360540632,0.0,0.0,0.0,0.0,0.0,0.0,0.0,0.0,0.0,0.0,0.0,0.0
xlarge_plus,50,cybershake,900,3.0,50,NonSharable,5,14.923588952721648,11.95608102360178,17.891096881841516,10.566665383015923,8.508911647768059,12.624419118263788,5.779482007090577,4.662563564968699,6.896400449212453,8.064287946273819,4.549282266735771,11.579293625811866,4.584449266967441,0.3098248089811566,8.859073724953726,10.023938952487969,6.880723929944964,13.167153975030978,-17.022855779032863,-42.63447460423419,8.588763046168467,0.0,0.0,0.0,0.0,0.0,0.0,0.0,0.0,0.0,0.0,0.0,0.0
xlarge_plus,50,cybershake,900,3.0,50,Sharable,5,-35.51568296514647,-38.56137074341657,-32.46999518687638,32.73111524809291,29.719927580300308,35.7423029158855,-34.947573691698516,-37.97677717199738,-31.918370211399655,-33.35098370622935,-35.25286190662888,-31.449105505829824,-35.295724850176896,-37.49875624269255,-33.09269345766124,-32.25725395147651,-34.11121458818,-30.40329331477303,-104.57808513166148,-127.84191023361983,-81.3142600297031,0.0,0.0,0.0,0.0,0.0,0.0,0.0,0.0,0.0,0.0,0.0,0.0
xlarge_plus,50,epigenomics,900,3.0,50,NonSharable,5,18.921360583351834,16.447491907659664,21.395229259044005,7.121106424152657,5.692127053188384,8.550085795116932,17.77398994843453,13.773517480877052,21.774462415992005,13.536335269975064,11.568784315960047,15.503886223990081,11.08781214558093,8.964410170199887,13.211214120961973,14.848947249414019,12.970530874328785,16.72736362449925,-34.59568490750396,-50.82110381126601,-18.37026600374192,0.0,0.0,0.0,0.0,0.0,0.0,0.0,0.0,0.0,0.0,0.0,0.0
xlarge_plus,50,epigenomics,900,3.0,50,Sharable,5,-3.991139041633936,-8.245301263875666,0.26302318060779406,12.926567352150693,11.327474489432229,14.52566021486915,0.8401325215958131,-7.6050891305611605,9.285354173752786,-11.175316572604453,-13.397848188200207,-8.952784957008703,-13.121450552853995,-15.128713253287966,-11.114187852420024,-10.131820334727689,-12.503430965465478,-7.760209703989899,-73.50082515669271,-86.70135522559904,-60.30029508778636,0.0,0.0,0.0,0.0,0.0,0.0,0.0,0.0,0.0,0.0,0.0,0.0
xlarge_plus,50,inspiral,900,3.0,50,NonSharable,5,28.056208683351322,24.760574691144658,31.351842675557986,16.339415296101166,14.105100948779718,18.57372964342262,21.40129947835494,18.694768044380528,24.10783091232935,21.80771519729898,18.38329522933536,25.232135165262598,16.44976448867871,13.278366622324167,19.621162355033245,24.85467915041682,21.104063102250205,28.605295198583438,-32.92572971604477,-51.552510817001675,-14.298948615087863,0.0,0.0,0.0,0.0,0.0,0.0,0.0,0.0,0.0,0.0,0.0,0.0
xlarge_plus,50,inspiral,900,3.0,50,Sharable,5,0.8734965348769119,-3.64542667270063,5.392419742454454,26.416714799979662,23.52862570365376,29.304803896305565,4.882960232522286,1.1768667645521842,8.58905370049239,-10.507275634887542,-11.958085121300426,-9.056466148474657,-14.335497478762912,-15.60061264178493,-13.070382315740895,-8.329178980066981,-10.1892615198156,-6.469096440318361,-107.35581498594745,-140.78084823688963,-73.93078173500527,0.0,0.0,0.0,0.0,0.0,0.0,0.0,0.0,0.0,0.0,0.0,0.0
xlarge_plus,50,montage,900,3.0,50,NonSharable,5,16.74187368853373,10.968766316421975,22.514981060645482,11.20238854261277,9.172970169870919,13.231806915354621,4.4471969387416195,2.5152647845341285,6.379129092949112,8.77997007855208,4.374064140246158,13.185876016858,5.4869267133473425,2.136828703688346,8.837024723006339,10.641031112687,5.603750045941359,15.67831217943264,-22.458368417076493,-35.700688434103846,-9.216048400049138,0.0,0.0,0.0,0.0,0.0,0.0,0.0,0.0,0.0,0.0,0.0,0.0
xlarge_plus,50,montage,900,3.0,50,Sharable,5,-39.221766470678034,-46.060599966944345,-32.38293297441172,36.31014561709151,34.204755449385154,38.41553578479785,-43.63003704186256,-46.48754966029623,-40.7725244234289,-34.466901148610695,-35.97971078110773,-32.954091516113664,-36.3353485113279,-37.77838882818288,-34.89230819447294,-33.40833623702598,-35.059495793092644,-31.757176680959315,-131.913292571225,-194.54661384807073,-69.27997129437935,0.0,0.0,0.0,0.0,0.0,0.0,0.0,0.0,0.0,0.0,0.0,0.0
xxlarge,60,cybershake,1000,3.0,60,NonSharable,5,15.883220755327613,13.741278334655801,18.025163175999435,9.306891298586578,6.978223636554834,11.635558960618322,6.036672518721464,5.220238732438817,6.853106305004111,8.869345028532123,7.4928001846866845,10.245889872377566,5.88970570951817,4.152181729811611,7.627229689224727,10.547835106413174,9.347551677330411,11.748118535495934,-18.00378189347906,-27.170197182307064,-8.837366604651058,0.0,0.0,0.0,0.0,0.0,0.0,0.0,0.0,0.0,0.0,0.0,0.0
xxlarge,60,cybershake,1000,3.0,60,Sharable,5,-37.267131081867326,-42.37892804269156,-32.15533412104309,32.28592747134918,31.202580519959845,33.36927442273852,-35.722357118403025,-39.73487432792718,-31.709839908878866,-32.95818805645369,-35.056563286711246,-30.85981282619614,-34.69498168775934,-36.60785797688982,-32.78210539862886,-31.979935662172466,-34.20969346903702,-29.750177855307914,-106.81580171964325,-153.31775258437523,-60.313850854911266,0.0,0.0,0.0,0.0,0.0,0.0,0.0,0.0,0.0,0.0,0.0,0.0
xxlarge,60,epigenomics,1000,3.0,60,NonSharable,5,18.79921997197158,14.87886241389686,22.719577530046305,7.054515115399559,6.456975726619998,7.652054504179118,18.923317126901786,17.843839711595603,20.00279454220797,14.701547117691524,10.887445988505766,18.51564824687728,12.149832159957514,8.475867227727214,15.823797092187814,16.063906916111158,12.190433382589877,19.93738044963244,-29.83674626689264,-38.18237840339545,-21.491114130389843,0.0,0.0,0.0,0.0,0.0,0.0,0.0,0.0,0.0,0.0,0.0,0.0
xxlarge,60,epigenomics,1000,3.0,60,Sharable,5,-6.155083195637243,-13.433820711578282,1.1236543203037952,12.684128807313481,11.964621188073659,13.403636426553303,2.258369930217584,-1.6000148508849894,6.116754711320157,-11.517330883950425,-14.08885975905222,-8.94580200884863,-13.424502144681274,-16.075229927910424,-10.773774361452123,-10.498503914007943,-13.035409355370646,-7.9615984726452425,-68.44516152306453,-78.39021263974892,-58.50011040638013,0.0,0.0,0.0,0.0,0.0,0.0,0.0,0.0,0.0,0.0,0.0,0.0
xxlarge,60,inspiral,1000,3.0,60,NonSharable,5,27.640552937566262,22.163083322259553,33.11802255287297,14.84832170463729,13.370865077064687,16.325778332209893,20.82915763167059,18.678495212718005,22.979820050623175,22.741655561896437,15.776647053512372,29.706664070280503,17.942756925993432,11.548083841925022,24.337430010061837,25.457176292232983,18.127385071248774,32.78696751321719,-51.82941179666243,-71.44444990006929,-32.21437369325557,0.0,0.0,0.0,0.0,0.0,0.0,0.0,0.0,0.0,0.0,0.0,0.0
xxlarge,60,inspiral,1000,3.0,60,Sharable,5,-0.08859880763564103,-4.810235291492128,4.633037676220845,24.609621697564798,22.853215306382054,26.36602808874754,5.101547240151206,1.1839225383700036,9.01917194193241,-9.909629441029288,-12.222049521482843,-7.597209360575734,-13.359860897497464,-15.37175382985072,-11.347967965144209,-7.956730829676475,-10.494101505381712,-5.419360153971239,-94.18833836724063,-123.32425342972644,-65.05242330475483,0.0,0.0,0.0,0.0,0.0,0.0,0.0,0.0,0.0,0.0,0.0,0.0
xxlarge,60,montage,1000,3.0,60,NonSharable,5,18.59944393116964,17.719814861410555,19.47907300092872,10.274233275876183,8.949976922886771,11.598489628865595,4.781255905871296,3.753530619423345,5.808981192319247,9.298206095388261,6.438165365607684,12.158246825168842,6.20415499502956,3.6490241916245827,8.759285798434536,11.042412067585452,7.935021883739391,14.14980225143151,-9.434320790080655,-23.668020096883797,4.799378516722491,0.0,0.0,0.0,0.0,0.0,0.0,0.0,0.0,0.0,0.0,0.0,0.0
xxlarge,60,montage,1000,3.0,60,Sharable,5,-43.88653195191695,-48.41430318394401,-39.358760719889894,34.90524688324259,33.51088501166702,36.29960875481816,-43.06435962464474,-48.04767048437868,-38.0810487649108,-35.47633273230002,-36.92518334852303,-34.02748211607703,-36.89775686767531,-38.735656512191696,-35.05985722315893,-34.673701225064725,-35.973745092310544,-33.37365735781891,-115.78567566674474,-137.81710342171252,-93.75424791177697,0.0,0.0,0.0,0.0,0.0,0.0,0.0,0.0,0.0,0.0,0.0,0.0
